-- MySQL dump 10.13  Distrib 8.0.40, for Win64 (x86_64)
--
-- Host: localhost    Database: flightbookingsystem
-- ------------------------------------------------------
-- Server version	9.1.0

/*!40101 SET @OLD_CHARACTER_SET_CLIENT=@@CHARACTER_SET_CLIENT */;
/*!40101 SET @OLD_CHARACTER_SET_RESULTS=@@CHARACTER_SET_RESULTS */;
/*!40101 SET @OLD_COLLATION_CONNECTION=@@COLLATION_CONNECTION */;
/*!50503 SET NAMES utf8 */;
/*!40103 SET @OLD_TIME_ZONE=@@TIME_ZONE */;
/*!40103 SET TIME_ZONE='+00:00' */;
/*!40014 SET @OLD_UNIQUE_CHECKS=@@UNIQUE_CHECKS, UNIQUE_CHECKS=0 */;
/*!40014 SET @OLD_FOREIGN_KEY_CHECKS=@@FOREIGN_KEY_CHECKS, FOREIGN_KEY_CHECKS=0 */;
/*!40101 SET @OLD_SQL_MODE=@@SQL_MODE, SQL_MODE='NO_AUTO_VALUE_ON_ZERO' */;
/*!40111 SET @OLD_SQL_NOTES=@@SQL_NOTES, SQL_NOTES=0 */;

--
-- Table structure for table `admin`
--

DROP TABLE IF EXISTS `admin`;
/*!40101 SET @saved_cs_client     = @@character_set_client */;
/*!50503 SET character_set_client = utf8mb4 */;
CREATE TABLE `admin` (
  `id` int NOT NULL,
  `ngay_vao_lam` date DEFAULT NULL,
  `kinh_nghiem` varchar(200) DEFAULT NULL,
  PRIMARY KEY (`id`),
  CONSTRAINT `admin_ibfk_1` FOREIGN KEY (`id`) REFERENCES `nguoidung` (`id`)
) ENGINE=InnoDB DEFAULT CHARSET=utf8mb4 COLLATE=utf8mb4_0900_ai_ci;
/*!40101 SET character_set_client = @saved_cs_client */;

--
-- Dumping data for table `admin`
--

LOCK TABLES `admin` WRITE;
/*!40000 ALTER TABLE `admin` DISABLE KEYS */;
INSERT INTO `admin` VALUES (63,'2024-12-19','DEV on, DEVOps'),(73,'2024-12-21','DevOPS-3years, Pre-extendOps-2years');
/*!40000 ALTER TABLE `admin` ENABLE KEYS */;
UNLOCK TABLES;

--
-- Table structure for table `binhluan`
--

DROP TABLE IF EXISTS `binhluan`;
/*!40101 SET @saved_cs_client     = @@character_set_client */;
/*!50503 SET character_set_client = utf8mb4 */;
CREATE TABLE `binhluan` (
  `ma_BL` varchar(10) NOT NULL,
  `khach_hang` int DEFAULT NULL,
  `noi_dung` varchar(255) NOT NULL,
  `thoi_gian` datetime DEFAULT CURRENT_TIMESTAMP,
  PRIMARY KEY (`ma_BL`),
  KEY `fk_khach_hang` (`khach_hang`),
  CONSTRAINT `fk_khach_hang` FOREIGN KEY (`khach_hang`) REFERENCES `khachhang` (`id`)
) ENGINE=InnoDB DEFAULT CHARSET=utf8mb4 COLLATE=utf8mb4_0900_ai_ci;
/*!40101 SET character_set_client = @saved_cs_client */;

--
-- Dumping data for table `binhluan`
--

LOCK TABLES `binhluan` WRITE;
/*!40000 ALTER TABLE `binhluan` DISABLE KEYS */;
INSERT INTO `binhluan` VALUES ('BL00006',10,'tuyệt vời ông mặt trời','2024-12-22 01:34:29'),('BL00007',10,'đỉnh nóc kịch trần','2024-12-22 01:35:21'),('BL00008',10,'hay quá','2024-12-22 11:18:24'),('BL00009',NULL,'hêlo','2024-12-22 12:44:56'),('BL00010',NULL,'Trời ơi, khỗ quá','2024-12-22 12:46:56'),('BL00011',10,'hêlo','2024-12-23 00:25:38'),('BL01',8,'anh Dân đẹp trai quá','2024-12-16 22:15:24'),('BL02',8,'PAGE này tiện dụng quá','2024-12-21 15:21:10'),('BL03',NULL,'Tôi đặt hẳn vé cho nguyên công ty ở web này','2024-12-21 15:21:10'),('BL04',8,'Tuyệt vời ông mặt trời ạ','2024-12-21 15:21:10'),('BL05',NULL,'Thanh toán tiện lợi quá đi thôi','2024-12-21 15:21:10');
/*!40000 ALTER TABLE `binhluan` ENABLE KEYS */;
UNLOCK TABLES;

--
-- Table structure for table `chitietve`
--

DROP TABLE IF EXISTS `chitietve`;
/*!40101 SET @saved_cs_client     = @@character_set_client */;
/*!50503 SET character_set_client = utf8mb4 */;
CREATE TABLE `chitietve` (
  `ma_chuyen_bay` varchar(10) NOT NULL,
  `ma_ve` varchar(10) NOT NULL,
  `ghe` varchar(10) NOT NULL,
  `hanh_ly` varchar(10) DEFAULT NULL,
  `gia_ve` float DEFAULT '0',
  PRIMARY KEY (`ma_chuyen_bay`,`ma_ve`),
  KEY `ma_ve` (`ma_ve`),
  KEY `fk_hanh_ly` (`hanh_ly`),
  KEY `fk_chitietve_ghe` (`ghe`),
  CONSTRAINT `chitietve_ibfk_1` FOREIGN KEY (`ma_chuyen_bay`) REFERENCES `chuyenbay` (`ma_chuyen_bay`),
  CONSTRAINT `chitietve_ibfk_2` FOREIGN KEY (`ma_ve`) REFERENCES `ve` (`ma_ve`),
  CONSTRAINT `fk_chitietve_ghe` FOREIGN KEY (`ghe`) REFERENCES `ghe` (`ma_ghe`),
  CONSTRAINT `fk_hanh_ly` FOREIGN KEY (`hanh_ly`) REFERENCES `hanhly` (`ma_HL`)
) ENGINE=InnoDB DEFAULT CHARSET=utf8mb4 COLLATE=utf8mb4_0900_ai_ci;
/*!40101 SET character_set_client = @saved_cs_client */;

--
-- Dumping data for table `chitietve`
--

LOCK TABLES `chitietve` WRITE;
/*!40000 ALTER TABLE `chitietve` DISABLE KEYS */;
INSERT INTO `chitietve` VALUES ('CB01','VEE2VFD','G1004','HLUMPXL',5250000),('CB01','VEHAJXU','G1001','HLO1PPQ',5250000),('CB01','VEIQ94J','G1007','HLIZJ1M',5250000),('CB01','VEUMQA9','G1006','HLSUDSN',5250000),('CB01','VEUXAEW','G1003',NULL,5250000),('CB01','VEY4C2C','G1002','HLVEWRE',5250000),('CB01','VEZNEB2','G1005',NULL,5250000),('CB03','VE8QI5D','G1031','HLE32QD',1750000),('CB03','VEMP9MU','G1032',NULL,1750000),('CB03','VEYMF8X','G1033','HLU8YNH',1750000),('CB09','VEL3B19','G7000','HLFT3S4',6340000),('CB09','VEO5I78','G7001','HL1ZXUF',6340000),('CB13','VEAN967','G4003','HLXOWMG',3320000),('CB13','VEL3B19','G4000',NULL,3320000),('CB13','VEO5I78','G4001',NULL,3320000),('CB13','VEU4E47','G4002','HLTQ7IB',3320000),('CB14','VE4JQ6Z','G7004','HLAC4HF',6340000),('CB14','VEC3JCL','G7002','HLI5R38',6340000),('CB14','VEDTML6','G7003',NULL,6340000),('CB14','VEDZOA9','G7033','HLPZ1AZ',2010000),('CB14','VEME3I9','G7031','HLU2DIM',2010000),('CB14','VEV4581','G7032',NULL,2010000),('CB14','VEYMF8X','G7030',NULL,2010000),('CB14','VEYTRPE','G7005',NULL,6340000);
/*!40000 ALTER TABLE `chitietve` ENABLE KEYS */;
UNLOCK TABLES;

--
-- Table structure for table `chuyenbay`
--

DROP TABLE IF EXISTS `chuyenbay`;
/*!40101 SET @saved_cs_client     = @@character_set_client */;
/*!50503 SET character_set_client = utf8mb4 */;
CREATE TABLE `chuyenbay` (
  `ma_chuyen_bay` varchar(10) NOT NULL,
  `may_bay` varchar(10) NOT NULL,
  `tuyen_bay` varchar(10) NOT NULL,
  `lich_bay` varchar(10) NOT NULL,
  `thoi_gian_di` datetime NOT NULL,
  `thoi_gian_den` datetime NOT NULL,
  PRIMARY KEY (`ma_chuyen_bay`),
  KEY `may_bay` (`may_bay`),
  KEY `tuyen_bay` (`tuyen_bay`),
  KEY `lich_bay` (`lich_bay`),
  CONSTRAINT `chuyenbay_ibfk_1` FOREIGN KEY (`may_bay`) REFERENCES `maybay` (`so_hieu_mb`),
  CONSTRAINT `chuyenbay_ibfk_2` FOREIGN KEY (`tuyen_bay`) REFERENCES `tuyenbay` (`ma_tuyen_bay`),
  CONSTRAINT `chuyenbay_ibfk_3` FOREIGN KEY (`lich_bay`) REFERENCES `lichbay` (`ma_LB`)
) ENGINE=InnoDB DEFAULT CHARSET=utf8mb4 COLLATE=utf8mb4_0900_ai_ci;
/*!40101 SET character_set_client = @saved_cs_client */;

--
-- Dumping data for table `chuyenbay`
--

LOCK TABLES `chuyenbay` WRITE;
/*!40000 ALTER TABLE `chuyenbay` DISABLE KEYS */;
INSERT INTO `chuyenbay` VALUES ('CB01','MB01','TB5947','LB01','2024-12-30 16:00:00','2024-12-30 20:00:00'),('CB02','MB02','TB5977','LB02','2024-12-30 15:00:00','2024-12-30 16:30:00'),('CB03','MB01','TB5940','LB01','2024-12-25 15:00:00','2024-12-25 17:10:00'),('CB04','MB02','TB5940','LB01','2024-12-25 14:00:00','2024-12-25 16:10:00'),('CB05','MB03','TB5940','LB01','2024-12-25 14:30:00','2024-12-25 16:30:00'),('CB06','MB04','TB5940','LB01','2024-12-25 16:30:00','2024-12-25 18:30:00'),('CB07','MB05','TB5940','LB01','2024-12-25 15:30:00','2024-12-25 18:00:00'),('CB08','MB06','TB5940','LB01','2024-12-25 16:40:00','2024-12-25 18:20:00'),('CB09','MB07','TB5940','LB01','2024-12-25 16:35:00','2024-12-25 18:20:00'),('CB10','MB08','TB5940','LB01','2024-12-25 16:15:00','2024-12-25 18:05:00'),('CB11','MB09','TB3047','LB02','2024-12-25 15:15:00','2024-12-25 19:05:00'),('CB12','MB05','TB5947','LB01','2024-12-30 16:30:00','2024-12-30 20:00:00'),('CB13','MB04','TB4059','LB01','2024-12-30 16:30:00','2024-12-30 20:00:00'),('CB14','MB07','TB4059','LB01','2024-12-30 22:30:00','2024-12-31 00:00:00'),('CB15','MB01','TB4059','LB01','2024-12-30 23:30:00','2024-12-31 01:00:00');
/*!40000 ALTER TABLE `chuyenbay` ENABLE KEYS */;
UNLOCK TABLES;

--
-- Table structure for table `dieukienkm`
--

DROP TABLE IF EXISTS `dieukienkm`;
/*!40101 SET @saved_cs_client     = @@character_set_client */;
/*!50503 SET character_set_client = utf8mb4 */;
CREATE TABLE `dieukienkm` (
  `ma_DK` varchar(10) NOT NULL,
  `noi_dung` varchar(200) DEFAULT NULL,
  `ghi_chu` varchar(200) DEFAULT NULL,
  `khuyen_mai_id` varchar(10) NOT NULL,
  PRIMARY KEY (`ma_DK`),
  KEY `khuyen_mai_id` (`khuyen_mai_id`),
  CONSTRAINT `dieukienkm_ibfk_1` FOREIGN KEY (`khuyen_mai_id`) REFERENCES `khuyenmai` (`ma_KM`)
) ENGINE=InnoDB DEFAULT CHARSET=utf8mb4 COLLATE=utf8mb4_0900_ai_ci;
/*!40101 SET character_set_client = @saved_cs_client */;

--
-- Dumping data for table `dieukienkm`
--

LOCK TABLES `dieukienkm` WRITE;
/*!40000 ALTER TABLE `dieukienkm` DISABLE KEYS */;
INSERT INTO `dieukienkm` VALUES ('DK01','Thành viên BẠC',NULL,'KM01'),('DK02','Thành viên BẠC',NULL,'KM02');
/*!40000 ALTER TABLE `dieukienkm` ENABLE KEYS */;
UNLOCK TABLES;

--
-- Table structure for table `donhang`
--

DROP TABLE IF EXISTS `donhang`;
/*!40101 SET @saved_cs_client     = @@character_set_client */;
/*!50503 SET character_set_client = utf8mb4 */;
CREATE TABLE `donhang` (
  `ma_DH` varchar(10) NOT NULL,
  `khach_hang` int NOT NULL,
  `nhan_vien` int DEFAULT NULL,
  `so_luong_ve` int NOT NULL,
  `ngay_dat_DH` datetime NOT NULL,
  `ma_KM` varchar(10) DEFAULT NULL,
  `tong_gia_tri_DH` varchar(10) DEFAULT NULL,
  `trang_thai` enum('SUCCESS','PENDING','CANCELLED') DEFAULT 'SUCCESS',
  PRIMARY KEY (`ma_DH`),
  KEY `khach_hang` (`khach_hang`),
  KEY `nhan_vien` (`nhan_vien`),
  KEY `fk_ma_KM` (`ma_KM`),
  CONSTRAINT `donhang_ibfk_1` FOREIGN KEY (`khach_hang`) REFERENCES `khachhang` (`id`),
  CONSTRAINT `donhang_ibfk_2` FOREIGN KEY (`nhan_vien`) REFERENCES `nhanvien` (`id`),
  CONSTRAINT `fk_ma_KM` FOREIGN KEY (`ma_KM`) REFERENCES `khuyenmai` (`ma_KM`)
) ENGINE=InnoDB DEFAULT CHARSET=utf8mb4 COLLATE=utf8mb4_0900_ai_ci;
/*!40101 SET character_set_client = @saved_cs_client */;

--
-- Dumping data for table `donhang`
--

LOCK TABLES `donhang` WRITE;
/*!40000 ALTER TABLE `donhang` DISABLE KEYS */;
INSERT INTO `donhang` VALUES ('DH3ON8W',10,NULL,2,'2024-12-23 00:24:31','KM01','10417000','SUCCESS'),('DH733RW',10,NULL,2,'2024-12-20 09:55:54',NULL,'20229000','SUCCESS'),('DH9ZNJX',9,NULL,3,'2024-12-22 12:07:25','KM01','13073000','SUCCESS'),('DHGK5PA',10,NULL,1,'2024-12-18 16:29:53','KM01','3281000','SUCCESS'),('DHMEV4V',9,NULL,1,'2024-12-23 00:12:58',NULL,'5523000','SUCCESS'),('DHN3NA2',10,NULL,2,'2024-12-18 16:20:03','KM01','3000000','SUCCESS'),('DHT82PG',10,NULL,2,'2024-12-23 00:32:23',NULL,'7113000','SUCCESS'),('DHWU552',10,NULL,3,'2024-12-20 10:00:24',NULL,'16386000','SUCCESS'),('DHXSWJQ',10,NULL,2,'2024-12-20 09:57:04',NULL,'12880000','SUCCESS'),('DHZ63LN',10,NULL,3,'2024-12-22 12:04:35','KM01','5297000','SUCCESS');
/*!40000 ALTER TABLE `donhang` ENABLE KEYS */;
UNLOCK TABLES;

--
-- Table structure for table `ghe`
--

DROP TABLE IF EXISTS `ghe`;
/*!40101 SET @saved_cs_client     = @@character_set_client */;
/*!50503 SET character_set_client = utf8mb4 */;
CREATE TABLE `ghe` (
  `ma_ghe` varchar(10) NOT NULL,
  `hang_ve` enum('PHOTHONG','THUONGGIA') NOT NULL,
  `vi_tri` varchar(10) NOT NULL,
  `may_bay` varchar(10) NOT NULL,
  `gia_ghe` float NOT NULL DEFAULT '0',
  `trang_thai` tinyint(1) NOT NULL DEFAULT '0',
  PRIMARY KEY (`ma_ghe`),
  KEY `may_bay` (`may_bay`),
  CONSTRAINT `ghe_ibfk_1` FOREIGN KEY (`may_bay`) REFERENCES `maybay` (`so_hieu_mb`)
) ENGINE=InnoDB DEFAULT CHARSET=utf8mb4 COLLATE=utf8mb4_0900_ai_ci;
/*!40101 SET character_set_client = @saved_cs_client */;

--
-- Dumping data for table `ghe`
--

LOCK TABLES `ghe` WRITE;
/*!40000 ALTER TABLE `ghe` DISABLE KEYS */;
INSERT INTO `ghe` VALUES ('G10000','THUONGGIA','A00','MB010',500000,0),('G10001','THUONGGIA','A01','MB010',500000,0),('G10002','THUONGGIA','A02','MB010',500000,0),('G10003','THUONGGIA','A03','MB010',500000,0),('G10004','THUONGGIA','A04','MB010',500000,0),('G1001','THUONGGIA','A01','MB01',5250000,1),('G1002','THUONGGIA','A02','MB01',5250000,1),('G1003','THUONGGIA','A03','MB01',5250000,1),('G10030','PHOTHONG','B00','MB010',200000,0),('G10031','PHOTHONG','B01','MB010',200000,0),('G10032','PHOTHONG','B02','MB010',200000,0),('G10033','PHOTHONG','B03','MB010',2000000,0),('G10034','PHOTHONG','B04','MB010',2000000,0),('G1004','THUONGGIA','A04','MB01',5250000,1),('G1005','THUONGGIA','A05','MB01',5250000,1),('G1006','THUONGGIA','A06','MB01',5250000,1),('G1007','THUONGGIA','A07','MB01',5250000,1),('G1008','THUONGGIA','A08','MB01',5250000,0),('G1009','THUONGGIA','A09','MB01',5250000,0),('G1010','THUONGGIA','A10','MB01',5250000,0),('G1011','THUONGGIA','A11','MB01',5250000,0),('G1012','THUONGGIA','A12','MB01',5250000,0),('G1013','THUONGGIA','A13','MB01',5250000,0),('G1014','THUONGGIA','A14','MB01',5250000,0),('G1015','THUONGGIA','A15','MB01',5250000,0),('G1016','THUONGGIA','A16','MB01',5250000,0),('G1017','THUONGGIA','A17','MB01',5250000,0),('G1018','THUONGGIA','A18','MB01',5250000,0),('G1019','THUONGGIA','A19','MB01',5250000,0),('G1020','THUONGGIA','A20','MB01',5250000,0),('G1021','THUONGGIA','A21','MB01',5250000,0),('G1022','THUONGGIA','A22','MB01',5250000,0),('G1023','THUONGGIA','A23','MB01',5250000,0),('G1024','THUONGGIA','A24','MB01',5250000,0),('G1025','THUONGGIA','A25','MB01',5250000,0),('G1026','THUONGGIA','A26','MB01',5250000,0),('G1027','THUONGGIA','A27','MB01',5250000,0),('G1028','THUONGGIA','A28','MB01',5250000,0),('G1029','THUONGGIA','A29','MB01',5250000,0),('G1030','THUONGGIA','A30','MB01',5250000,0),('G1031','PHOTHONG','B01','MB01',1750000,1),('G1032','PHOTHONG','B02','MB01',1750000,1),('G1033','PHOTHONG','B03','MB01',1750000,1),('G1034','PHOTHONG','B04','MB01',1750000,0),('G1035','PHOTHONG','B05','MB01',1750000,0),('G1036','PHOTHONG','B06','MB01',1750000,0),('G1037','PHOTHONG','B07','MB01',1750000,0),('G1038','PHOTHONG','B08','MB01',1750000,0),('G1039','PHOTHONG','B09','MB01',1750000,0),('G1040','PHOTHONG','B10','MB01',1750000,0),('G1041','PHOTHONG','B11','MB01',1750000,0),('G1042','PHOTHONG','B12','MB01',1750000,0),('G1043','PHOTHONG','B13','MB01',1750000,0),('G1044','PHOTHONG','B14','MB01',1750000,0),('G1045','PHOTHONG','B15','MB01',1750000,0),('G1046','PHOTHONG','B16','MB01',1750000,0),('G1047','PHOTHONG','B17','MB01',1750000,0),('G1048','PHOTHONG','B18','MB01',1750000,0),('G1049','PHOTHONG','B19','MB01',1750000,0),('G1050','PHOTHONG','B20','MB01',1750000,0),('G1051','PHOTHONG','B21','MB01',1750000,0),('G1052','PHOTHONG','B22','MB01',1750000,0),('G1053','PHOTHONG','B23','MB01',1750000,0),('G1054','PHOTHONG','B24','MB01',1750000,0),('G1055','PHOTHONG','B25','MB01',1750000,0),('G1056','PHOTHONG','B26','MB01',1750000,0),('G1057','PHOTHONG','B27','MB01',1750000,0),('G1058','PHOTHONG','B28','MB01',1750000,0),('G1059','PHOTHONG','B29','MB01',1750000,0),('G1060','PHOTHONG','B30','MB01',1750000,0),('G1061','PHOTHONG','B31','MB01',1750000,0),('G1062','PHOTHONG','B32','MB01',1750000,0),('G1063','PHOTHONG','B33','MB01',1750000,0),('G1064','PHOTHONG','B34','MB01',1750000,0),('G1065','PHOTHONG','B35','MB01',1750000,0),('G1066','PHOTHONG','B36','MB01',1750000,0),('G1067','PHOTHONG','B37','MB01',1750000,0),('G1068','PHOTHONG','B38','MB01',1750000,0),('G1069','PHOTHONG','B39','MB01',1750000,0),('G1070','PHOTHONG','B40','MB01',1750000,0),('G1071','PHOTHONG','B41','MB01',1750000,0),('G1072','PHOTHONG','B42','MB01',1750000,0),('G1073','PHOTHONG','B43','MB01',1750000,0),('G1074','PHOTHONG','B44','MB01',1750000,0),('G1075','PHOTHONG','B45','MB01',1750000,0),('G1076','PHOTHONG','B46','MB01',1750000,0),('G1077','PHOTHONG','B47','MB01',1750000,0),('G1078','PHOTHONG','B48','MB01',1750000,0),('G1079','PHOTHONG','B49','MB01',1750000,0),('G1080','PHOTHONG','B50','MB01',1750000,0),('G1081','PHOTHONG','B51','MB01',1750000,0),('G1082','PHOTHONG','B52','MB01',1750000,0),('G1083','PHOTHONG','B53','MB01',1750000,0),('G1084','PHOTHONG','B54','MB01',1750000,0),('G1085','PHOTHONG','B55','MB01',1750000,0),('G1086','PHOTHONG','B56','MB01',1750000,0),('G1087','PHOTHONG','B57','MB01',1750000,0),('G1088','PHOTHONG','B58','MB01',1750000,0),('G1089','PHOTHONG','B59','MB01',1750000,0),('G1090','PHOTHONG','B60','MB01',1750000,0),('G1091','PHOTHONG','B61','MB01',1750000,0),('G1092','PHOTHONG','B62','MB01',1750000,0),('G1093','PHOTHONG','B63','MB01',1750000,0),('G1094','PHOTHONG','B64','MB01',1750000,0),('G1095','PHOTHONG','B65','MB01',1750000,0),('G1096','PHOTHONG','B66','MB01',1750000,0),('G1097','PHOTHONG','B67','MB01',1750000,0),('G1098','PHOTHONG','B68','MB01',1750000,0),('G1099','PHOTHONG','B69','MB01',1750000,0),('G1100','PHOTHONG','B70','MB01',1750000,0),('G1101','PHOTHONG','B71','MB01',1750000,0),('G1102','PHOTHONG','B72','MB01',1750000,0),('G1103','PHOTHONG','B73','MB01',1750000,0),('G1104','PHOTHONG','B74','MB01',1750000,0),('G1105','PHOTHONG','B75','MB01',1750000,0),('G1106','PHOTHONG','B76','MB01',1750000,0),('G1107','PHOTHONG','B77','MB01',1750000,0),('G1108','PHOTHONG','B78','MB01',1750000,0),('G1109','PHOTHONG','B79','MB01',1750000,0),('G1110','PHOTHONG','B80','MB01',1750000,0),('G1111','PHOTHONG','B81','MB01',1750000,0),('G1112','PHOTHONG','B82','MB01',1750000,0),('G1113','PHOTHONG','B83','MB01',1750000,0),('G1114','PHOTHONG','B84','MB01',1750000,0),('G1115','PHOTHONG','B85','MB01',1750000,0),('G1116','PHOTHONG','B86','MB01',1750000,0),('G1117','PHOTHONG','B87','MB01',1750000,0),('G1118','PHOTHONG','B88','MB01',1750000,0),('G1119','PHOTHONG','B89','MB01',1750000,0),('G1120','PHOTHONG','B90','MB01',1750000,0),('G1121','PHOTHONG','B91','MB01',1750000,0),('G1122','PHOTHONG','B92','MB01',1750000,0),('G1123','PHOTHONG','B93','MB01',1750000,0),('G1124','PHOTHONG','B94','MB01',1750000,0),('G1125','PHOTHONG','B95','MB01',1750000,0),('G1126','PHOTHONG','B96','MB01',1750000,0),('G1127','PHOTHONG','B97','MB01',1750000,0),('G1128','PHOTHONG','B98','MB01',1750000,0),('G1129','PHOTHONG','B99','MB01',1750000,0),('G1130','PHOTHONG','B100','MB01',1750000,0),('G1131','PHOTHONG','B101','MB01',1750000,0),('G2001','THUONGGIA','A01','MB02',5250000,0),('G2002','THUONGGIA','A02','MB02',5250000,0),('G2003','THUONGGIA','A03','MB02',5250000,0),('G2004','THUONGGIA','A04','MB02',5250000,0),('G2005','THUONGGIA','A05','MB02',5250000,0),('G2006','THUONGGIA','A06','MB02',5250000,0),('G2007','THUONGGIA','A07','MB02',5250000,0),('G2008','THUONGGIA','A08','MB02',5250000,0),('G2009','THUONGGIA','A09','MB02',5250000,0),('G2010','THUONGGIA','A10','MB02',5250000,0),('G2011','THUONGGIA','A11','MB02',5250000,0),('G2012','THUONGGIA','A12','MB02',5250000,0),('G2013','THUONGGIA','A13','MB02',5250000,0),('G2014','THUONGGIA','A14','MB02',5250000,0),('G2015','THUONGGIA','A15','MB02',5250000,0),('G2016','THUONGGIA','A16','MB02',5250000,0),('G2017','THUONGGIA','A17','MB02',5250000,0),('G2018','THUONGGIA','A18','MB02',5250000,0),('G2019','THUONGGIA','A19','MB02',5250000,0),('G2020','THUONGGIA','A20','MB02',5250000,0),('G2021','THUONGGIA','A21','MB02',5250000,0),('G2022','THUONGGIA','A22','MB02',5250000,0),('G2023','THUONGGIA','A23','MB02',5250000,0),('G2024','THUONGGIA','A24','MB02',5250000,0),('G2025','THUONGGIA','A25','MB02',5250000,0),('G2026','THUONGGIA','A26','MB02',5250000,0),('G2027','THUONGGIA','A27','MB02',5250000,0),('G2028','THUONGGIA','A28','MB02',5250000,0),('G2029','THUONGGIA','A29','MB02',5250000,0),('G2030','THUONGGIA','A30','MB02',5250000,0),('G2031','PHOTHONG','B01','MB02',1750000,0),('G2032','PHOTHONG','B02','MB02',1750000,0),('G2033','PHOTHONG','B03','MB02',1750000,0),('G2034','PHOTHONG','B04','MB02',1750000,0),('G2035','PHOTHONG','B05','MB02',1750000,0),('G2036','PHOTHONG','B06','MB02',1750000,0),('G2037','PHOTHONG','B07','MB02',1750000,0),('G2038','PHOTHONG','B08','MB02',1750000,0),('G2039','PHOTHONG','B09','MB02',1750000,0),('G2040','PHOTHONG','B10','MB02',1750000,0),('G2041','PHOTHONG','B11','MB02',1750000,0),('G2042','PHOTHONG','B12','MB02',1750000,0),('G2043','PHOTHONG','B13','MB02',1750000,0),('G2044','PHOTHONG','B14','MB02',1750000,0),('G2045','PHOTHONG','B15','MB02',1750000,0),('G2046','PHOTHONG','B16','MB02',1750000,0),('G2047','PHOTHONG','B17','MB02',1750000,0),('G2048','PHOTHONG','B18','MB02',1750000,0),('G2049','PHOTHONG','B19','MB02',1750000,0),('G2050','PHOTHONG','B20','MB02',1750000,0),('G2051','PHOTHONG','B21','MB02',1750000,0),('G2052','PHOTHONG','B22','MB02',1750000,0),('G2053','PHOTHONG','B23','MB02',1750000,0),('G2054','PHOTHONG','B24','MB02',1750000,0),('G2055','PHOTHONG','B25','MB02',1750000,0),('G2056','PHOTHONG','B26','MB02',1750000,0),('G2057','PHOTHONG','B27','MB02',1750000,0),('G2058','PHOTHONG','B28','MB02',1750000,0),('G2059','PHOTHONG','B29','MB02',1750000,0),('G2060','PHOTHONG','B30','MB02',1750000,0),('G2061','PHOTHONG','B31','MB02',1750000,0),('G2062','PHOTHONG','B32','MB02',1750000,0),('G2063','PHOTHONG','B33','MB02',1750000,0),('G2064','PHOTHONG','B34','MB02',1750000,0),('G2065','PHOTHONG','B35','MB02',1750000,0),('G2066','PHOTHONG','B36','MB02',1750000,0),('G2067','PHOTHONG','B37','MB02',1750000,0),('G2068','PHOTHONG','B38','MB02',1750000,0),('G2069','PHOTHONG','B39','MB02',1750000,0),('G2070','PHOTHONG','B40','MB02',1750000,0),('G2071','PHOTHONG','B41','MB02',1750000,0),('G2072','PHOTHONG','B42','MB02',1750000,0),('G2073','PHOTHONG','B43','MB02',1750000,0),('G2074','PHOTHONG','B44','MB02',1750000,0),('G2075','PHOTHONG','B45','MB02',1750000,0),('G2076','PHOTHONG','B46','MB02',1750000,0),('G2077','PHOTHONG','B47','MB02',1750000,0),('G2078','PHOTHONG','B48','MB02',1750000,0),('G2079','PHOTHONG','B49','MB02',1750000,0),('G2080','PHOTHONG','B50','MB02',1750000,0),('G2081','PHOTHONG','B51','MB02',1750000,0),('G2082','PHOTHONG','B52','MB02',1750000,0),('G2083','PHOTHONG','B53','MB02',1750000,0),('G2084','PHOTHONG','B54','MB02',1750000,0),('G2085','PHOTHONG','B55','MB02',1750000,0),('G2086','PHOTHONG','B56','MB02',1750000,0),('G2087','PHOTHONG','B57','MB02',1750000,0),('G2088','PHOTHONG','B58','MB02',1750000,0),('G2089','PHOTHONG','B59','MB02',1750000,0),('G2090','PHOTHONG','B60','MB02',1750000,0),('G2091','PHOTHONG','B61','MB02',1750000,0),('G2092','PHOTHONG','B62','MB02',1750000,0),('G2093','PHOTHONG','B63','MB02',1750000,0),('G2094','PHOTHONG','B64','MB02',1750000,0),('G2095','PHOTHONG','B65','MB02',1750000,0),('G2096','PHOTHONG','B66','MB02',1750000,0),('G2097','PHOTHONG','B67','MB02',1750000,0),('G2098','PHOTHONG','B68','MB02',1750000,0),('G2099','PHOTHONG','B69','MB02',1750000,0),('G2100','PHOTHONG','B70','MB02',1750000,0),('G2101','PHOTHONG','B71','MB02',1750000,0),('G2102','PHOTHONG','B72','MB02',1750000,0),('G2103','PHOTHONG','B73','MB02',1750000,0),('G2104','PHOTHONG','B74','MB02',1750000,0),('G2105','PHOTHONG','B75','MB02',1750000,0),('G2106','PHOTHONG','B76','MB02',1750000,0),('G2107','PHOTHONG','B77','MB02',1750000,0),('G2108','PHOTHONG','B78','MB02',1750000,0),('G2109','PHOTHONG','B79','MB02',1750000,0),('G2110','PHOTHONG','B80','MB02',1750000,0),('G2111','PHOTHONG','B81','MB02',1750000,0),('G2112','PHOTHONG','B82','MB02',1750000,0),('G2113','PHOTHONG','B83','MB02',1750000,0),('G2114','PHOTHONG','B84','MB02',1750000,0),('G2115','PHOTHONG','B85','MB02',1750000,0),('G2116','PHOTHONG','B86','MB02',1750000,0),('G2117','PHOTHONG','B87','MB02',1750000,0),('G2118','PHOTHONG','B88','MB02',1750000,0),('G2119','PHOTHONG','B89','MB02',1750000,0),('G2120','PHOTHONG','B90','MB02',1750000,0),('G2121','PHOTHONG','B91','MB02',1750000,0),('G2122','PHOTHONG','B92','MB02',1750000,0),('G2123','PHOTHONG','B93','MB02',1750000,0),('G2124','PHOTHONG','B94','MB02',1750000,0),('G2125','PHOTHONG','B95','MB02',1750000,0),('G2126','PHOTHONG','B96','MB02',1750000,0),('G2127','PHOTHONG','B97','MB02',1750000,0),('G2128','PHOTHONG','B98','MB02',1750000,0),('G2129','PHOTHONG','B99','MB02',1750000,0),('G2130','PHOTHONG','B100','MB02',1750000,0),('G3000','THUONGGIA','A00','MB03',6340000,0),('G3001','THUONGGIA','A01','MB03',6340000,0),('G3002','THUONGGIA','A02','MB03',6340000,0),('G3003','THUONGGIA','A03','MB03',6340000,0),('G3004','THUONGGIA','A04','MB03',6340000,0),('G3005','THUONGGIA','A05','MB03',6340000,0),('G3006','THUONGGIA','A06','MB03',6340000,0),('G3007','THUONGGIA','A07','MB03',6340000,0),('G3008','THUONGGIA','A08','MB03',6340000,0),('G3009','THUONGGIA','A09','MB03',6340000,0),('G3010','THUONGGIA','A10','MB03',6340000,0),('G3011','THUONGGIA','A11','MB03',6340000,0),('G3012','THUONGGIA','A12','MB03',6340000,0),('G3013','THUONGGIA','A13','MB03',6340000,0),('G3014','THUONGGIA','A14','MB03',6340000,0),('G3015','THUONGGIA','A15','MB03',6340000,0),('G3016','THUONGGIA','A16','MB03',6340000,0),('G3017','THUONGGIA','A17','MB03',6340000,0),('G3018','THUONGGIA','A18','MB03',6340000,0),('G3019','THUONGGIA','A19','MB03',6340000,0),('G3020','THUONGGIA','A20','MB03',6340000,0),('G3021','THUONGGIA','A21','MB03',6340000,0),('G3022','THUONGGIA','A22','MB03',6340000,0),('G3023','THUONGGIA','A23','MB03',6340000,0),('G3024','THUONGGIA','A24','MB03',6340000,0),('G3025','THUONGGIA','A25','MB03',6340000,0),('G3026','THUONGGIA','A26','MB03',6340000,0),('G3027','THUONGGIA','A27','MB03',6340000,0),('G3028','THUONGGIA','A28','MB03',6340000,0),('G3029','THUONGGIA','A29','MB03',6340000,0),('G3030','PHOTHONG','B000','MB03',2010000,0),('G3031','PHOTHONG','B001','MB03',2010000,0),('G3032','PHOTHONG','B002','MB03',2010000,0),('G3033','PHOTHONG','B003','MB03',2010000,0),('G3034','PHOTHONG','B004','MB03',2010000,0),('G3035','PHOTHONG','B005','MB03',2010000,0),('G3036','PHOTHONG','B006','MB03',2010000,0),('G3037','PHOTHONG','B007','MB03',2010000,0),('G3038','PHOTHONG','B008','MB03',2010000,0),('G3039','PHOTHONG','B009','MB03',2010000,0),('G3040','PHOTHONG','B010','MB03',2010000,0),('G3041','PHOTHONG','B011','MB03',2010000,0),('G3042','PHOTHONG','B012','MB03',2010000,0),('G3043','PHOTHONG','B013','MB03',2010000,0),('G3044','PHOTHONG','B014','MB03',2010000,0),('G3045','PHOTHONG','B015','MB03',2010000,0),('G3046','PHOTHONG','B016','MB03',2010000,0),('G3047','PHOTHONG','B017','MB03',2010000,0),('G3048','PHOTHONG','B018','MB03',2010000,0),('G3049','PHOTHONG','B019','MB03',2010000,0),('G3050','PHOTHONG','B020','MB03',2010000,0),('G3051','PHOTHONG','B021','MB03',2010000,0),('G3052','PHOTHONG','B022','MB03',2010000,0),('G3053','PHOTHONG','B023','MB03',2010000,0),('G3054','PHOTHONG','B024','MB03',2010000,0),('G3055','PHOTHONG','B025','MB03',2010000,0),('G3056','PHOTHONG','B026','MB03',2010000,0),('G3057','PHOTHONG','B027','MB03',2010000,0),('G3058','PHOTHONG','B028','MB03',2010000,0),('G3059','PHOTHONG','B029','MB03',2010000,0),('G3060','PHOTHONG','B030','MB03',2010000,0),('G3061','PHOTHONG','B031','MB03',2010000,0),('G3062','PHOTHONG','B032','MB03',2010000,0),('G3063','PHOTHONG','B033','MB03',2010000,0),('G3064','PHOTHONG','B034','MB03',2010000,0),('G3065','PHOTHONG','B035','MB03',2010000,0),('G3066','PHOTHONG','B036','MB03',2010000,0),('G3067','PHOTHONG','B037','MB03',2010000,0),('G3068','PHOTHONG','B038','MB03',2010000,0),('G3069','PHOTHONG','B039','MB03',2010000,0),('G3070','PHOTHONG','B040','MB03',2010000,0),('G3071','PHOTHONG','B041','MB03',2010000,0),('G3072','PHOTHONG','B042','MB03',2010000,0),('G3073','PHOTHONG','B043','MB03',2010000,0),('G3074','PHOTHONG','B044','MB03',2010000,0),('G3075','PHOTHONG','B045','MB03',2010000,0),('G3076','PHOTHONG','B046','MB03',2010000,0),('G3077','PHOTHONG','B047','MB03',2010000,0),('G3078','PHOTHONG','B048','MB03',2010000,0),('G3079','PHOTHONG','B049','MB03',2010000,0),('G3080','PHOTHONG','B050','MB03',2010000,0),('G3081','PHOTHONG','B051','MB03',2010000,0),('G3082','PHOTHONG','B052','MB03',2010000,0),('G3083','PHOTHONG','B053','MB03',2010000,0),('G3084','PHOTHONG','B054','MB03',2010000,0),('G3085','PHOTHONG','B055','MB03',2010000,0),('G3086','PHOTHONG','B056','MB03',2010000,0),('G3087','PHOTHONG','B057','MB03',2010000,0),('G3088','PHOTHONG','B058','MB03',2010000,0),('G3089','PHOTHONG','B059','MB03',2010000,0),('G3090','PHOTHONG','B060','MB03',2010000,0),('G3091','PHOTHONG','B061','MB03',2010000,0),('G3092','PHOTHONG','B062','MB03',2010000,0),('G3093','PHOTHONG','B063','MB03',2010000,0),('G3094','PHOTHONG','B064','MB03',2010000,0),('G3095','PHOTHONG','B065','MB03',2010000,0),('G3096','PHOTHONG','B066','MB03',2010000,0),('G3097','PHOTHONG','B067','MB03',2010000,0),('G3098','PHOTHONG','B068','MB03',2010000,0),('G3099','PHOTHONG','B069','MB03',2010000,0),('G3100','PHOTHONG','B070','MB03',2010000,0),('G3101','PHOTHONG','B071','MB03',2010000,0),('G3102','PHOTHONG','B072','MB03',2010000,0),('G3103','PHOTHONG','B073','MB03',2010000,0),('G3104','PHOTHONG','B074','MB03',2010000,0),('G3105','PHOTHONG','B075','MB03',2010000,0),('G3106','PHOTHONG','B076','MB03',2010000,0),('G3107','PHOTHONG','B077','MB03',2010000,0),('G3108','PHOTHONG','B078','MB03',2010000,0),('G3109','PHOTHONG','B079','MB03',2010000,0),('G3110','PHOTHONG','B080','MB03',2010000,0),('G3111','PHOTHONG','B081','MB03',2010000,0),('G3112','PHOTHONG','B082','MB03',2010000,0),('G3113','PHOTHONG','B083','MB03',2010000,0),('G3114','PHOTHONG','B084','MB03',2010000,0),('G3115','PHOTHONG','B085','MB03',2010000,0),('G3116','PHOTHONG','B086','MB03',2010000,0),('G3117','PHOTHONG','B087','MB03',2010000,0),('G3118','PHOTHONG','B088','MB03',2010000,0),('G3119','PHOTHONG','B089','MB03',2010000,0),('G3120','PHOTHONG','B090','MB03',2010000,0),('G3121','PHOTHONG','B091','MB03',2010000,0),('G3122','PHOTHONG','B092','MB03',2010000,0),('G3123','PHOTHONG','B093','MB03',2010000,0),('G3124','PHOTHONG','B094','MB03',2010000,0),('G3125','PHOTHONG','B095','MB03',2010000,0),('G3126','PHOTHONG','B096','MB03',2010000,0),('G3127','PHOTHONG','B097','MB03',2010000,0),('G3128','PHOTHONG','B098','MB03',2010000,0),('G3129','PHOTHONG','B099','MB03',2010000,0),('G3130','PHOTHONG','B100','MB03',2010000,0),('G3131','PHOTHONG','B101','MB03',2010000,0),('G3132','PHOTHONG','B102','MB03',2010000,0),('G3133','PHOTHONG','B103','MB03',2010000,0),('G3134','PHOTHONG','B104','MB03',2010000,0),('G3135','PHOTHONG','B105','MB03',2010000,0),('G3136','PHOTHONG','B106','MB03',2010000,0),('G3137','PHOTHONG','B107','MB03',2010000,0),('G3138','PHOTHONG','B108','MB03',2010000,0),('G3139','PHOTHONG','B109','MB03',2010000,0),('G3140','PHOTHONG','B110','MB03',2010000,0),('G3141','PHOTHONG','B111','MB03',2010000,0),('G3142','PHOTHONG','B112','MB03',2010000,0),('G3143','PHOTHONG','B113','MB03',2010000,0),('G3144','PHOTHONG','B114','MB03',2010000,0),('G3145','PHOTHONG','B115','MB03',2010000,0),('G3146','PHOTHONG','B116','MB03',2010000,0),('G3147','PHOTHONG','B117','MB03',2010000,0),('G3148','PHOTHONG','B118','MB03',2010000,0),('G3149','PHOTHONG','B119','MB03',2010000,0),('G3150','PHOTHONG','B120','MB03',2010000,0),('G3151','PHOTHONG','B121','MB03',2010000,0),('G3152','PHOTHONG','B122','MB03',2010000,0),('G3153','PHOTHONG','B123','MB03',2010000,0),('G3154','PHOTHONG','B124','MB03',2010000,0),('G3155','PHOTHONG','B125','MB03',2010000,0),('G3156','PHOTHONG','B126','MB03',2010000,0),('G3157','PHOTHONG','B127','MB03',2010000,0),('G3158','PHOTHONG','B128','MB03',2010000,0),('G3159','PHOTHONG','B129','MB03',2010000,0),('G3160','PHOTHONG','B130','MB03',2010000,0),('G3161','PHOTHONG','B131','MB03',2010000,0),('G3162','PHOTHONG','B132','MB03',2010000,0),('G3163','PHOTHONG','B133','MB03',2010000,0),('G3164','PHOTHONG','B134','MB03',2010000,0),('G3165','PHOTHONG','B135','MB03',2010000,0),('G3166','PHOTHONG','B136','MB03',2010000,0),('G3167','PHOTHONG','B137','MB03',2010000,0),('G3168','PHOTHONG','B138','MB03',2010000,0),('G3169','PHOTHONG','B139','MB03',2010000,0),('G3170','PHOTHONG','B140','MB03',2010000,0),('G3171','PHOTHONG','B141','MB03',2010000,0),('G3172','PHOTHONG','B142','MB03',2010000,0),('G3173','PHOTHONG','B143','MB03',2010000,0),('G3174','PHOTHONG','B144','MB03',2010000,0),('G3175','PHOTHONG','B145','MB03',2010000,0),('G3176','PHOTHONG','B146','MB03',2010000,0),('G3177','PHOTHONG','B147','MB03',2010000,0),('G3178','PHOTHONG','B148','MB03',2010000,0),('G3179','PHOTHONG','B149','MB03',2010000,0),('G3180','PHOTHONG','B150','MB03',2010000,0),('G3181','PHOTHONG','B151','MB03',2010000,0),('G3182','PHOTHONG','B152','MB03',2010000,0),('G3183','PHOTHONG','B153','MB03',2010000,0),('G3184','PHOTHONG','B154','MB03',2010000,0),('G3185','PHOTHONG','B155','MB03',2010000,0),('G3186','PHOTHONG','B156','MB03',2010000,0),('G3187','PHOTHONG','B157','MB03',2010000,0),('G3188','PHOTHONG','B158','MB03',2010000,0),('G3189','PHOTHONG','B159','MB03',2010000,0),('G3190','PHOTHONG','B160','MB03',2010000,0),('G3191','PHOTHONG','B161','MB03',2010000,0),('G3192','PHOTHONG','B162','MB03',2010000,0),('G3193','PHOTHONG','B163','MB03',2010000,0),('G3194','PHOTHONG','B164','MB03',2010000,0),('G3195','PHOTHONG','B165','MB03',2010000,0),('G3196','PHOTHONG','B166','MB03',2010000,0),('G3197','PHOTHONG','B167','MB03',2010000,0),('G3198','PHOTHONG','B168','MB03',2010000,0),('G3199','PHOTHONG','B169','MB03',2010000,0),('G3200','PHOTHONG','B170','MB03',2010000,0),('G3201','PHOTHONG','B171','MB03',2010000,0),('G3202','PHOTHONG','B172','MB03',2010000,0),('G3203','PHOTHONG','B173','MB03',2010000,0),('G3204','PHOTHONG','B174','MB03',2010000,0),('G3205','PHOTHONG','B175','MB03',2010000,0),('G3206','PHOTHONG','B176','MB03',2010000,0),('G3207','PHOTHONG','B177','MB03',2010000,0),('G3208','PHOTHONG','B178','MB03',2010000,0),('G3209','PHOTHONG','B179','MB03',2010000,0),('G3210','PHOTHONG','B180','MB03',2010000,0),('G3211','PHOTHONG','B181','MB03',2010000,0),('G3212','PHOTHONG','B182','MB03',2010000,0),('G3213','PHOTHONG','B183','MB03',2010000,0),('G3214','PHOTHONG','B184','MB03',2010000,0),('G3215','PHOTHONG','B185','MB03',2010000,0),('G3216','PHOTHONG','B186','MB03',2010000,0),('G3217','PHOTHONG','B187','MB03',2010000,0),('G3218','PHOTHONG','B188','MB03',2010000,0),('G3219','PHOTHONG','B189','MB03',2010000,0),('G3220','PHOTHONG','B190','MB03',2010000,0),('G3221','PHOTHONG','B191','MB03',2010000,0),('G3222','PHOTHONG','B192','MB03',2010000,0),('G3223','PHOTHONG','B193','MB03',2010000,0),('G3224','PHOTHONG','B194','MB03',2010000,0),('G3225','PHOTHONG','B195','MB03',2010000,0),('G3226','PHOTHONG','B196','MB03',2010000,0),('G3227','PHOTHONG','B197','MB03',2010000,0),('G3228','PHOTHONG','B198','MB03',2010000,0),('G3229','PHOTHONG','B199','MB03',2010000,0),('G4000','THUONGGIA','A00','MB04',3320000,1),('G4001','THUONGGIA','A01','MB04',3320000,1),('G4002','THUONGGIA','A02','MB04',3320000,1),('G4003','THUONGGIA','A03','MB04',3320000,1),('G4004','THUONGGIA','A04','MB04',3320000,0),('G4005','THUONGGIA','A05','MB04',3320000,0),('G4006','THUONGGIA','A06','MB04',3320000,0),('G4007','THUONGGIA','A07','MB04',3320000,0),('G4008','THUONGGIA','A08','MB04',3320000,0),('G4009','THUONGGIA','A09','MB04',3320000,0),('G4010','THUONGGIA','A10','MB04',3320000,0),('G4011','THUONGGIA','A11','MB04',3320000,0),('G4012','THUONGGIA','A12','MB04',3320000,0),('G4013','THUONGGIA','A13','MB04',3320000,0),('G4014','THUONGGIA','A14','MB04',3320000,0),('G4015','THUONGGIA','A15','MB04',3320000,0),('G4016','THUONGGIA','A16','MB04',3320000,0),('G4017','THUONGGIA','A17','MB04',3320000,0),('G4018','THUONGGIA','A18','MB04',3320000,0),('G4019','THUONGGIA','A19','MB04',3320000,0),('G4020','THUONGGIA','A20','MB04',3320000,0),('G4021','THUONGGIA','A21','MB04',3320000,0),('G4022','THUONGGIA','A22','MB04',3320000,0),('G4023','THUONGGIA','A23','MB04',3320000,0),('G4024','THUONGGIA','A24','MB04',3320000,0),('G4025','THUONGGIA','A25','MB04',3320000,0),('G4026','THUONGGIA','A26','MB04',3320000,0),('G4027','THUONGGIA','A27','MB04',3320000,0),('G4028','THUONGGIA','A28','MB04',3320000,0),('G4029','THUONGGIA','A29','MB04',3320000,0),('G4030','PHOTHONG','B000','MB04',1220000,0),('G4031','PHOTHONG','B001','MB04',1220000,0),('G4032','PHOTHONG','B002','MB04',1220000,0),('G4033','PHOTHONG','B003','MB04',1220000,0),('G4034','PHOTHONG','B004','MB04',1220000,0),('G4035','PHOTHONG','B005','MB04',1220000,0),('G4036','PHOTHONG','B006','MB04',1220000,0),('G4037','PHOTHONG','B007','MB04',1220000,0),('G4038','PHOTHONG','B008','MB04',1220000,0),('G4039','PHOTHONG','B009','MB04',1220000,0),('G4040','PHOTHONG','B010','MB04',1220000,0),('G4041','PHOTHONG','B011','MB04',1220000,0),('G4042','PHOTHONG','B012','MB04',1220000,0),('G4043','PHOTHONG','B013','MB04',1220000,0),('G4044','PHOTHONG','B014','MB04',1220000,0),('G4045','PHOTHONG','B015','MB04',1220000,0),('G4046','PHOTHONG','B016','MB04',1220000,0),('G4047','PHOTHONG','B017','MB04',1220000,0),('G4048','PHOTHONG','B018','MB04',1220000,0),('G4049','PHOTHONG','B019','MB04',1220000,0),('G4050','PHOTHONG','B020','MB04',1220000,0),('G4051','PHOTHONG','B021','MB04',1220000,0),('G4052','PHOTHONG','B022','MB04',1220000,0),('G4053','PHOTHONG','B023','MB04',1220000,0),('G4054','PHOTHONG','B024','MB04',1220000,0),('G4055','PHOTHONG','B025','MB04',1220000,0),('G4056','PHOTHONG','B026','MB04',1220000,0),('G4057','PHOTHONG','B027','MB04',1220000,0),('G4058','PHOTHONG','B028','MB04',1220000,0),('G4059','PHOTHONG','B029','MB04',1220000,0),('G4060','PHOTHONG','B030','MB04',1220000,0),('G4061','PHOTHONG','B031','MB04',1220000,0),('G4062','PHOTHONG','B032','MB04',1220000,0),('G4063','PHOTHONG','B033','MB04',1220000,0),('G4064','PHOTHONG','B034','MB04',1220000,0),('G4065','PHOTHONG','B035','MB04',1220000,0),('G4066','PHOTHONG','B036','MB04',1220000,0),('G4067','PHOTHONG','B037','MB04',1220000,0),('G4068','PHOTHONG','B038','MB04',1220000,0),('G4069','PHOTHONG','B039','MB04',1220000,0),('G4070','PHOTHONG','B040','MB04',1220000,0),('G4071','PHOTHONG','B041','MB04',1220000,0),('G4072','PHOTHONG','B042','MB04',1220000,0),('G4073','PHOTHONG','B043','MB04',1220000,0),('G4074','PHOTHONG','B044','MB04',1220000,0),('G4075','PHOTHONG','B045','MB04',1220000,0),('G4076','PHOTHONG','B046','MB04',1220000,0),('G4077','PHOTHONG','B047','MB04',1220000,0),('G4078','PHOTHONG','B048','MB04',1220000,0),('G4079','PHOTHONG','B049','MB04',1220000,0),('G4080','PHOTHONG','B050','MB04',1220000,0),('G4081','PHOTHONG','B051','MB04',1220000,0),('G4082','PHOTHONG','B052','MB04',1220000,0),('G4083','PHOTHONG','B053','MB04',1220000,0),('G4084','PHOTHONG','B054','MB04',1220000,0),('G4085','PHOTHONG','B055','MB04',1220000,0),('G4086','PHOTHONG','B056','MB04',1220000,0),('G4087','PHOTHONG','B057','MB04',1220000,0),('G4088','PHOTHONG','B058','MB04',1220000,0),('G4089','PHOTHONG','B059','MB04',1220000,0),('G4090','PHOTHONG','B060','MB04',1220000,0),('G4091','PHOTHONG','B061','MB04',1220000,0),('G4092','PHOTHONG','B062','MB04',1220000,0),('G4093','PHOTHONG','B063','MB04',1220000,0),('G4094','PHOTHONG','B064','MB04',1220000,0),('G4095','PHOTHONG','B065','MB04',1220000,0),('G4096','PHOTHONG','B066','MB04',1220000,0),('G4097','PHOTHONG','B067','MB04',1220000,0),('G4098','PHOTHONG','B068','MB04',1220000,0),('G4099','PHOTHONG','B069','MB04',1220000,0),('G4100','PHOTHONG','B070','MB04',1220000,0),('G4101','PHOTHONG','B071','MB04',1220000,0),('G4102','PHOTHONG','B072','MB04',1220000,0),('G4103','PHOTHONG','B073','MB04',1220000,0),('G4104','PHOTHONG','B074','MB04',1220000,0),('G4105','PHOTHONG','B075','MB04',1220000,0),('G4106','PHOTHONG','B076','MB04',1220000,0),('G4107','PHOTHONG','B077','MB04',1220000,0),('G4108','PHOTHONG','B078','MB04',1220000,0),('G4109','PHOTHONG','B079','MB04',1220000,0),('G4110','PHOTHONG','B080','MB04',1220000,0),('G4111','PHOTHONG','B081','MB04',1220000,0),('G4112','PHOTHONG','B082','MB04',1220000,0),('G4113','PHOTHONG','B083','MB04',1220000,0),('G4114','PHOTHONG','B084','MB04',1220000,0),('G4115','PHOTHONG','B085','MB04',1220000,0),('G4116','PHOTHONG','B086','MB04',1220000,0),('G4117','PHOTHONG','B087','MB04',1220000,0),('G4118','PHOTHONG','B088','MB04',1220000,0),('G4119','PHOTHONG','B089','MB04',1220000,0),('G4120','PHOTHONG','B090','MB04',1220000,0),('G4121','PHOTHONG','B091','MB04',1220000,0),('G4122','PHOTHONG','B092','MB04',1220000,0),('G4123','PHOTHONG','B093','MB04',1220000,0),('G4124','PHOTHONG','B094','MB04',1220000,0),('G4125','PHOTHONG','B095','MB04',1220000,0),('G4126','PHOTHONG','B096','MB04',1220000,0),('G4127','PHOTHONG','B097','MB04',1220000,0),('G4128','PHOTHONG','B098','MB04',1220000,0),('G4129','PHOTHONG','B099','MB04',1220000,0),('G4130','PHOTHONG','B100','MB04',1220000,0),('G4131','PHOTHONG','B101','MB04',1220000,0),('G4132','PHOTHONG','B102','MB04',1220000,0),('G4133','PHOTHONG','B103','MB04',1220000,0),('G4134','PHOTHONG','B104','MB04',1220000,0),('G4135','PHOTHONG','B105','MB04',1220000,0),('G4136','PHOTHONG','B106','MB04',1220000,0),('G4137','PHOTHONG','B107','MB04',1220000,0),('G4138','PHOTHONG','B108','MB04',1220000,0),('G4139','PHOTHONG','B109','MB04',1220000,0),('G4140','PHOTHONG','B110','MB04',1220000,0),('G4141','PHOTHONG','B111','MB04',1220000,0),('G4142','PHOTHONG','B112','MB04',1220000,0),('G4143','PHOTHONG','B113','MB04',1220000,0),('G4144','PHOTHONG','B114','MB04',1220000,0),('G4145','PHOTHONG','B115','MB04',1220000,0),('G4146','PHOTHONG','B116','MB04',1220000,0),('G4147','PHOTHONG','B117','MB04',1220000,0),('G4148','PHOTHONG','B118','MB04',1220000,0),('G4149','PHOTHONG','B119','MB04',1220000,0),('G4150','PHOTHONG','B120','MB04',1220000,0),('G4151','PHOTHONG','B121','MB04',1220000,0),('G4152','PHOTHONG','B122','MB04',1220000,0),('G4153','PHOTHONG','B123','MB04',1220000,0),('G4154','PHOTHONG','B124','MB04',1220000,0),('G4155','PHOTHONG','B125','MB04',1220000,0),('G4156','PHOTHONG','B126','MB04',1220000,0),('G4157','PHOTHONG','B127','MB04',1220000,0),('G4158','PHOTHONG','B128','MB04',1220000,0),('G4159','PHOTHONG','B129','MB04',1220000,0),('G4160','PHOTHONG','B130','MB04',1220000,0),('G4161','PHOTHONG','B131','MB04',1220000,0),('G4162','PHOTHONG','B132','MB04',1220000,0),('G4163','PHOTHONG','B133','MB04',1220000,0),('G4164','PHOTHONG','B134','MB04',1220000,0),('G4165','PHOTHONG','B135','MB04',1220000,0),('G4166','PHOTHONG','B136','MB04',1220000,0),('G4167','PHOTHONG','B137','MB04',1220000,0),('G4168','PHOTHONG','B138','MB04',1220000,0),('G4169','PHOTHONG','B139','MB04',1220000,0),('G4170','PHOTHONG','B140','MB04',1220000,0),('G4171','PHOTHONG','B141','MB04',1220000,0),('G4172','PHOTHONG','B142','MB04',1220000,0),('G4173','PHOTHONG','B143','MB04',1220000,0),('G4174','PHOTHONG','B144','MB04',1220000,0),('G4175','PHOTHONG','B145','MB04',1220000,0),('G4176','PHOTHONG','B146','MB04',1220000,0),('G4177','PHOTHONG','B147','MB04',1220000,0),('G4178','PHOTHONG','B148','MB04',1220000,0),('G4179','PHOTHONG','B149','MB04',1220000,0),('G4180','PHOTHONG','B150','MB04',1220000,0),('G4181','PHOTHONG','B151','MB04',1220000,0),('G4182','PHOTHONG','B152','MB04',1220000,0),('G4183','PHOTHONG','B153','MB04',1220000,0),('G4184','PHOTHONG','B154','MB04',1220000,0),('G4185','PHOTHONG','B155','MB04',1220000,0),('G4186','PHOTHONG','B156','MB04',1220000,0),('G4187','PHOTHONG','B157','MB04',1220000,0),('G4188','PHOTHONG','B158','MB04',1220000,0),('G4189','PHOTHONG','B159','MB04',1220000,0),('G4190','PHOTHONG','B160','MB04',1220000,0),('G4191','PHOTHONG','B161','MB04',1220000,0),('G4192','PHOTHONG','B162','MB04',1220000,0),('G4193','PHOTHONG','B163','MB04',1220000,0),('G4194','PHOTHONG','B164','MB04',1220000,0),('G4195','PHOTHONG','B165','MB04',1220000,0),('G4196','PHOTHONG','B166','MB04',1220000,0),('G4197','PHOTHONG','B167','MB04',1220000,0),('G4198','PHOTHONG','B168','MB04',1220000,0),('G4199','PHOTHONG','B169','MB04',1220000,0),('G4200','PHOTHONG','B170','MB04',1220000,0),('G4201','PHOTHONG','B171','MB04',1220000,0),('G4202','PHOTHONG','B172','MB04',1220000,0),('G4203','PHOTHONG','B173','MB04',1220000,0),('G4204','PHOTHONG','B174','MB04',1220000,0),('G4205','PHOTHONG','B175','MB04',1220000,0),('G4206','PHOTHONG','B176','MB04',1220000,0),('G4207','PHOTHONG','B177','MB04',1220000,0),('G4208','PHOTHONG','B178','MB04',1220000,0),('G4209','PHOTHONG','B179','MB04',1220000,0),('G4210','PHOTHONG','B180','MB04',1220000,0),('G4211','PHOTHONG','B181','MB04',1220000,0),('G4212','PHOTHONG','B182','MB04',1220000,0),('G4213','PHOTHONG','B183','MB04',1220000,0),('G4214','PHOTHONG','B184','MB04',1220000,0),('G4215','PHOTHONG','B185','MB04',1220000,0),('G4216','PHOTHONG','B186','MB04',1220000,0),('G4217','PHOTHONG','B187','MB04',1220000,0),('G4218','PHOTHONG','B188','MB04',1220000,0),('G4219','PHOTHONG','B189','MB04',1220000,0),('G4220','PHOTHONG','B190','MB04',1220000,0),('G4221','PHOTHONG','B191','MB04',1220000,0),('G4222','PHOTHONG','B192','MB04',1220000,0),('G4223','PHOTHONG','B193','MB04',1220000,0),('G4224','PHOTHONG','B194','MB04',1220000,0),('G4225','PHOTHONG','B195','MB04',1220000,0),('G4226','PHOTHONG','B196','MB04',1220000,0),('G4227','PHOTHONG','B197','MB04',1220000,0),('G4228','PHOTHONG','B198','MB04',1220000,0),('G4229','PHOTHONG','B199','MB04',1220000,0),('G4230','PHOTHONG','B200','MB04',1220000,0),('G4231','PHOTHONG','B201','MB04',1220000,0),('G4232','PHOTHONG','B202','MB04',1220000,0),('G4233','PHOTHONG','B203','MB04',1220000,0),('G4234','PHOTHONG','B204','MB04',1220000,0),('G4235','PHOTHONG','B205','MB04',1220000,0),('G4236','PHOTHONG','B206','MB04',1220000,0),('G4237','PHOTHONG','B207','MB04',1220000,0),('G4238','PHOTHONG','B208','MB04',1220000,0),('G4239','PHOTHONG','B209','MB04',1220000,0),('G4240','PHOTHONG','B210','MB04',1220000,0),('G4241','PHOTHONG','B211','MB04',1220000,0),('G4242','PHOTHONG','B212','MB04',1220000,0),('G4243','PHOTHONG','B213','MB04',1220000,0),('G4244','PHOTHONG','B214','MB04',1220000,0),('G4245','PHOTHONG','B215','MB04',1220000,0),('G4246','PHOTHONG','B216','MB04',1220000,0),('G4247','PHOTHONG','B217','MB04',1220000,0),('G4248','PHOTHONG','B218','MB04',1220000,0),('G4249','PHOTHONG','B219','MB04',1220000,0),('G4250','PHOTHONG','B220','MB04',1220000,0),('G4251','PHOTHONG','B221','MB04',1220000,0),('G4252','PHOTHONG','B222','MB04',1220000,0),('G4253','PHOTHONG','B223','MB04',1220000,0),('G4254','PHOTHONG','B224','MB04',1220000,0),('G4255','PHOTHONG','B225','MB04',1220000,0),('G4256','PHOTHONG','B226','MB04',1220000,0),('G4257','PHOTHONG','B227','MB04',1220000,0),('G4258','PHOTHONG','B228','MB04',1220000,0),('G4259','PHOTHONG','B229','MB04',1220000,0),('G4260','PHOTHONG','B230','MB04',1220000,0),('G4261','PHOTHONG','B231','MB04',1220000,0),('G4262','PHOTHONG','B232','MB04',1220000,0),('G4263','PHOTHONG','B233','MB04',1220000,0),('G4264','PHOTHONG','B234','MB04',1220000,0),('G4265','PHOTHONG','B235','MB04',1220000,0),('G4266','PHOTHONG','B236','MB04',1220000,0),('G4267','PHOTHONG','B237','MB04',1220000,0),('G4268','PHOTHONG','B238','MB04',1220000,0),('G4269','PHOTHONG','B239','MB04',1220000,0),('G4270','PHOTHONG','B240','MB04',1220000,0),('G4271','PHOTHONG','B241','MB04',1220000,0),('G4272','PHOTHONG','B242','MB04',1220000,0),('G4273','PHOTHONG','B243','MB04',1220000,0),('G4274','PHOTHONG','B244','MB04',1220000,0),('G4275','PHOTHONG','B245','MB04',1220000,0),('G4276','PHOTHONG','B246','MB04',1220000,0),('G4277','PHOTHONG','B247','MB04',1220000,0),('G4278','PHOTHONG','B248','MB04',1220000,0),('G4279','PHOTHONG','B249','MB04',1220000,0),('G5000','THUONGGIA','A00','MB05',5250000,0),('G5001','THUONGGIA','A01','MB05',5250000,0),('G5002','THUONGGIA','A02','MB05',5250000,0),('G5003','THUONGGIA','A03','MB05',5250000,0),('G5004','THUONGGIA','A04','MB05',5250000,0),('G5005','THUONGGIA','A05','MB05',5250000,0),('G5006','THUONGGIA','A06','MB05',5250000,0),('G5007','THUONGGIA','A07','MB05',5250000,0),('G5008','THUONGGIA','A08','MB05',5250000,0),('G5009','THUONGGIA','A09','MB05',5250000,0),('G5010','THUONGGIA','A10','MB05',5250000,0),('G5011','THUONGGIA','A11','MB05',5250000,0),('G5012','THUONGGIA','A12','MB05',5250000,0),('G5013','THUONGGIA','A13','MB05',5250000,0),('G5014','THUONGGIA','A14','MB05',5250000,0),('G5015','THUONGGIA','A15','MB05',5250000,0),('G5016','THUONGGIA','A16','MB05',5250000,0),('G5017','THUONGGIA','A17','MB05',5250000,0),('G5018','THUONGGIA','A18','MB05',5250000,0),('G5019','THUONGGIA','A19','MB05',5250000,0),('G5020','THUONGGIA','A20','MB05',5250000,0),('G5021','THUONGGIA','A21','MB05',5250000,0),('G5022','THUONGGIA','A22','MB05',5250000,0),('G5023','THUONGGIA','A23','MB05',5250000,0),('G5024','THUONGGIA','A24','MB05',5250000,0),('G5025','THUONGGIA','A25','MB05',5250000,0),('G5026','THUONGGIA','A26','MB05',5250000,0),('G5027','THUONGGIA','A27','MB05',5250000,0),('G5028','THUONGGIA','A28','MB05',5250000,0),('G5029','THUONGGIA','A29','MB05',5250000,0),('G5030','PHOTHONG','B000','MB05',1750000,0),('G5031','PHOTHONG','B001','MB05',1750000,0),('G5032','PHOTHONG','B002','MB05',1750000,0),('G5033','PHOTHONG','B003','MB05',1750000,0),('G5034','PHOTHONG','B004','MB05',1750000,0),('G5035','PHOTHONG','B005','MB05',1750000,0),('G5036','PHOTHONG','B006','MB05',1750000,0),('G5037','PHOTHONG','B007','MB05',1750000,0),('G5038','PHOTHONG','B008','MB05',1750000,0),('G5039','PHOTHONG','B009','MB05',1750000,0),('G5040','PHOTHONG','B010','MB05',1750000,0),('G5041','PHOTHONG','B011','MB05',1750000,0),('G5042','PHOTHONG','B012','MB05',1750000,0),('G5043','PHOTHONG','B013','MB05',1750000,0),('G5044','PHOTHONG','B014','MB05',1750000,0),('G5045','PHOTHONG','B015','MB05',1750000,0),('G5046','PHOTHONG','B016','MB05',1750000,0),('G5047','PHOTHONG','B017','MB05',1750000,0),('G5048','PHOTHONG','B018','MB05',1750000,0),('G5049','PHOTHONG','B019','MB05',1750000,0),('G5050','PHOTHONG','B020','MB05',1750000,0),('G5051','PHOTHONG','B021','MB05',1750000,0),('G5052','PHOTHONG','B022','MB05',1750000,0),('G5053','PHOTHONG','B023','MB05',1750000,0),('G5054','PHOTHONG','B024','MB05',1750000,0),('G5055','PHOTHONG','B025','MB05',1750000,0),('G5056','PHOTHONG','B026','MB05',1750000,0),('G5057','PHOTHONG','B027','MB05',1750000,0),('G5058','PHOTHONG','B028','MB05',1750000,0),('G5059','PHOTHONG','B029','MB05',1750000,0),('G5060','PHOTHONG','B030','MB05',1750000,0),('G5061','PHOTHONG','B031','MB05',1750000,0),('G5062','PHOTHONG','B032','MB05',1750000,0),('G5063','PHOTHONG','B033','MB05',1750000,0),('G5064','PHOTHONG','B034','MB05',1750000,0),('G5065','PHOTHONG','B035','MB05',1750000,0),('G5066','PHOTHONG','B036','MB05',1750000,0),('G5067','PHOTHONG','B037','MB05',1750000,0),('G5068','PHOTHONG','B038','MB05',1750000,0),('G5069','PHOTHONG','B039','MB05',1750000,0),('G5070','PHOTHONG','B040','MB05',1750000,0),('G5071','PHOTHONG','B041','MB05',1750000,0),('G5072','PHOTHONG','B042','MB05',1750000,0),('G5073','PHOTHONG','B043','MB05',1750000,0),('G5074','PHOTHONG','B044','MB05',1750000,0),('G5075','PHOTHONG','B045','MB05',1750000,0),('G5076','PHOTHONG','B046','MB05',1750000,0),('G5077','PHOTHONG','B047','MB05',1750000,0),('G5078','PHOTHONG','B048','MB05',1750000,0),('G5079','PHOTHONG','B049','MB05',1750000,0),('G5080','PHOTHONG','B050','MB05',1750000,0),('G5081','PHOTHONG','B051','MB05',1750000,0),('G5082','PHOTHONG','B052','MB05',1750000,0),('G5083','PHOTHONG','B053','MB05',1750000,0),('G5084','PHOTHONG','B054','MB05',1750000,0),('G5085','PHOTHONG','B055','MB05',1750000,0),('G5086','PHOTHONG','B056','MB05',1750000,0),('G5087','PHOTHONG','B057','MB05',1750000,0),('G5088','PHOTHONG','B058','MB05',1750000,0),('G5089','PHOTHONG','B059','MB05',1750000,0),('G5090','PHOTHONG','B060','MB05',1750000,0),('G5091','PHOTHONG','B061','MB05',1750000,0),('G5092','PHOTHONG','B062','MB05',1750000,0),('G5093','PHOTHONG','B063','MB05',1750000,0),('G5094','PHOTHONG','B064','MB05',1750000,0),('G5095','PHOTHONG','B065','MB05',1750000,0),('G5096','PHOTHONG','B066','MB05',1750000,0),('G5097','PHOTHONG','B067','MB05',1750000,0),('G5098','PHOTHONG','B068','MB05',1750000,0),('G5099','PHOTHONG','B069','MB05',1750000,0),('G5100','PHOTHONG','B070','MB05',1750000,0),('G5101','PHOTHONG','B071','MB05',1750000,0),('G5102','PHOTHONG','B072','MB05',1750000,0),('G5103','PHOTHONG','B073','MB05',1750000,0),('G5104','PHOTHONG','B074','MB05',1750000,0),('G5105','PHOTHONG','B075','MB05',1750000,0),('G5106','PHOTHONG','B076','MB05',1750000,0),('G5107','PHOTHONG','B077','MB05',1750000,0),('G5108','PHOTHONG','B078','MB05',1750000,0),('G5109','PHOTHONG','B079','MB05',1750000,0),('G5110','PHOTHONG','B080','MB05',1750000,0),('G5111','PHOTHONG','B081','MB05',1750000,0),('G5112','PHOTHONG','B082','MB05',1750000,0),('G5113','PHOTHONG','B083','MB05',1750000,0),('G5114','PHOTHONG','B084','MB05',1750000,0),('G5115','PHOTHONG','B085','MB05',1750000,0),('G5116','PHOTHONG','B086','MB05',1750000,0),('G5117','PHOTHONG','B087','MB05',1750000,0),('G5118','PHOTHONG','B088','MB05',1750000,0),('G5119','PHOTHONG','B089','MB05',1750000,0),('G5120','PHOTHONG','B090','MB05',1750000,0),('G5121','PHOTHONG','B091','MB05',1750000,0),('G5122','PHOTHONG','B092','MB05',1750000,0),('G5123','PHOTHONG','B093','MB05',1750000,0),('G5124','PHOTHONG','B094','MB05',1750000,0),('G5125','PHOTHONG','B095','MB05',1750000,0),('G5126','PHOTHONG','B096','MB05',1750000,0),('G5127','PHOTHONG','B097','MB05',1750000,0),('G5128','PHOTHONG','B098','MB05',1750000,0),('G5129','PHOTHONG','B099','MB05',1750000,0),('G5130','PHOTHONG','B100','MB05',1750000,0),('G5131','PHOTHONG','B101','MB05',1750000,0),('G5132','PHOTHONG','B102','MB05',1750000,0),('G5133','PHOTHONG','B103','MB05',1750000,0),('G5134','PHOTHONG','B104','MB05',1750000,0),('G5135','PHOTHONG','B105','MB05',1750000,0),('G5136','PHOTHONG','B106','MB05',1750000,0),('G5137','PHOTHONG','B107','MB05',1750000,0),('G5138','PHOTHONG','B108','MB05',1750000,0),('G5139','PHOTHONG','B109','MB05',1750000,0),('G5140','PHOTHONG','B110','MB05',1750000,0),('G5141','PHOTHONG','B111','MB05',1750000,0),('G5142','PHOTHONG','B112','MB05',1750000,0),('G5143','PHOTHONG','B113','MB05',1750000,0),('G5144','PHOTHONG','B114','MB05',1750000,0),('G5145','PHOTHONG','B115','MB05',1750000,0),('G5146','PHOTHONG','B116','MB05',1750000,0),('G5147','PHOTHONG','B117','MB05',1750000,0),('G5148','PHOTHONG','B118','MB05',1750000,0),('G5149','PHOTHONG','B119','MB05',1750000,0),('G5150','PHOTHONG','B120','MB05',1750000,0),('G5151','PHOTHONG','B121','MB05',1750000,0),('G5152','PHOTHONG','B122','MB05',1750000,0),('G5153','PHOTHONG','B123','MB05',1750000,0),('G5154','PHOTHONG','B124','MB05',1750000,0),('G5155','PHOTHONG','B125','MB05',1750000,0),('G5156','PHOTHONG','B126','MB05',1750000,0),('G5157','PHOTHONG','B127','MB05',1750000,0),('G5158','PHOTHONG','B128','MB05',1750000,0),('G5159','PHOTHONG','B129','MB05',1750000,0),('G5160','PHOTHONG','B130','MB05',1750000,0),('G5161','PHOTHONG','B131','MB05',1750000,0),('G5162','PHOTHONG','B132','MB05',1750000,0),('G5163','PHOTHONG','B133','MB05',1750000,0),('G5164','PHOTHONG','B134','MB05',1750000,0),('G5165','PHOTHONG','B135','MB05',1750000,0),('G5166','PHOTHONG','B136','MB05',1750000,0),('G5167','PHOTHONG','B137','MB05',1750000,0),('G5168','PHOTHONG','B138','MB05',1750000,0),('G5169','PHOTHONG','B139','MB05',1750000,0),('G5170','PHOTHONG','B140','MB05',1750000,0),('G5171','PHOTHONG','B141','MB05',1750000,0),('G5172','PHOTHONG','B142','MB05',1750000,0),('G5173','PHOTHONG','B143','MB05',1750000,0),('G5174','PHOTHONG','B144','MB05',1750000,0),('G5175','PHOTHONG','B145','MB05',1750000,0),('G5176','PHOTHONG','B146','MB05',1750000,0),('G5177','PHOTHONG','B147','MB05',1750000,0),('G5178','PHOTHONG','B148','MB05',1750000,0),('G5179','PHOTHONG','B149','MB05',1750000,0),('G5180','PHOTHONG','B150','MB05',1750000,0),('G5181','PHOTHONG','B151','MB05',1750000,0),('G5182','PHOTHONG','B152','MB05',1750000,0),('G5183','PHOTHONG','B153','MB05',1750000,0),('G5184','PHOTHONG','B154','MB05',1750000,0),('G5185','PHOTHONG','B155','MB05',1750000,0),('G5186','PHOTHONG','B156','MB05',1750000,0),('G5187','PHOTHONG','B157','MB05',1750000,0),('G5188','PHOTHONG','B158','MB05',1750000,0),('G5189','PHOTHONG','B159','MB05',1750000,0),('G5190','PHOTHONG','B160','MB05',1750000,0),('G5191','PHOTHONG','B161','MB05',1750000,0),('G5192','PHOTHONG','B162','MB05',1750000,0),('G5193','PHOTHONG','B163','MB05',1750000,0),('G5194','PHOTHONG','B164','MB05',1750000,0),('G5195','PHOTHONG','B165','MB05',1750000,0),('G5196','PHOTHONG','B166','MB05',1750000,0),('G5197','PHOTHONG','B167','MB05',1750000,0),('G5198','PHOTHONG','B168','MB05',1750000,0),('G5199','PHOTHONG','B169','MB05',1750000,0),('G5200','PHOTHONG','B170','MB05',1750000,0),('G5201','PHOTHONG','B171','MB05',1750000,0),('G5202','PHOTHONG','B172','MB05',1750000,0),('G5203','PHOTHONG','B173','MB05',1750000,0),('G5204','PHOTHONG','B174','MB05',1750000,0),('G5205','PHOTHONG','B175','MB05',1750000,0),('G5206','PHOTHONG','B176','MB05',1750000,0),('G5207','PHOTHONG','B177','MB05',1750000,0),('G5208','PHOTHONG','B178','MB05',1750000,0),('G5209','PHOTHONG','B179','MB05',1750000,0),('G5210','PHOTHONG','B180','MB05',1750000,0),('G5211','PHOTHONG','B181','MB05',1750000,0),('G5212','PHOTHONG','B182','MB05',1750000,0),('G5213','PHOTHONG','B183','MB05',1750000,0),('G5214','PHOTHONG','B184','MB05',1750000,0),('G5215','PHOTHONG','B185','MB05',1750000,0),('G5216','PHOTHONG','B186','MB05',1750000,0),('G5217','PHOTHONG','B187','MB05',1750000,0),('G5218','PHOTHONG','B188','MB05',1750000,0),('G5219','PHOTHONG','B189','MB05',1750000,0),('G5220','PHOTHONG','B190','MB05',1750000,0),('G5221','PHOTHONG','B191','MB05',1750000,0),('G5222','PHOTHONG','B192','MB05',1750000,0),('G5223','PHOTHONG','B193','MB05',1750000,0),('G5224','PHOTHONG','B194','MB05',1750000,0),('G5225','PHOTHONG','B195','MB05',1750000,0),('G5226','PHOTHONG','B196','MB05',1750000,0),('G5227','PHOTHONG','B197','MB05',1750000,0),('G5228','PHOTHONG','B198','MB05',1750000,0),('G5229','PHOTHONG','B199','MB05',1750000,0),('G5230','PHOTHONG','B200','MB05',1750000,0),('G5231','PHOTHONG','B201','MB05',1750000,0),('G5232','PHOTHONG','B202','MB05',1750000,0),('G5233','PHOTHONG','B203','MB05',1750000,0),('G5234','PHOTHONG','B204','MB05',1750000,0),('G5235','PHOTHONG','B205','MB05',1750000,0),('G5236','PHOTHONG','B206','MB05',1750000,0),('G5237','PHOTHONG','B207','MB05',1750000,0),('G5238','PHOTHONG','B208','MB05',1750000,0),('G5239','PHOTHONG','B209','MB05',1750000,0),('G5240','PHOTHONG','B210','MB05',1750000,0),('G5241','PHOTHONG','B211','MB05',1750000,0),('G5242','PHOTHONG','B212','MB05',1750000,0),('G5243','PHOTHONG','B213','MB05',1750000,0),('G5244','PHOTHONG','B214','MB05',1750000,0),('G5245','PHOTHONG','B215','MB05',1750000,0),('G5246','PHOTHONG','B216','MB05',1750000,0),('G5247','PHOTHONG','B217','MB05',1750000,0),('G5248','PHOTHONG','B218','MB05',1750000,0),('G5249','PHOTHONG','B219','MB05',1750000,0),('G5250','PHOTHONG','B220','MB05',1750000,0),('G5251','PHOTHONG','B221','MB05',1750000,0),('G5252','PHOTHONG','B222','MB05',1750000,0),('G5253','PHOTHONG','B223','MB05',1750000,0),('G5254','PHOTHONG','B224','MB05',1750000,0),('G5255','PHOTHONG','B225','MB05',1750000,0),('G5256','PHOTHONG','B226','MB05',1750000,0),('G5257','PHOTHONG','B227','MB05',1750000,0),('G5258','PHOTHONG','B228','MB05',1750000,0),('G5259','PHOTHONG','B229','MB05',1750000,0),('G5260','PHOTHONG','B230','MB05',1750000,0),('G5261','PHOTHONG','B231','MB05',1750000,0),('G5262','PHOTHONG','B232','MB05',1750000,0),('G5263','PHOTHONG','B233','MB05',1750000,0),('G5264','PHOTHONG','B234','MB05',1750000,0),('G5265','PHOTHONG','B235','MB05',1750000,0),('G5266','PHOTHONG','B236','MB05',1750000,0),('G5267','PHOTHONG','B237','MB05',1750000,0),('G5268','PHOTHONG','B238','MB05',1750000,0),('G5269','PHOTHONG','B239','MB05',1750000,0),('G5270','PHOTHONG','B240','MB05',1750000,0),('G5271','PHOTHONG','B241','MB05',1750000,0),('G5272','PHOTHONG','B242','MB05',1750000,0),('G5273','PHOTHONG','B243','MB05',1750000,0),('G5274','PHOTHONG','B244','MB05',1750000,0),('G5275','PHOTHONG','B245','MB05',1750000,0),('G5276','PHOTHONG','B246','MB05',1750000,0),('G5277','PHOTHONG','B247','MB05',1750000,0),('G5278','PHOTHONG','B248','MB05',1750000,0),('G5279','PHOTHONG','B249','MB05',1750000,0),('G6000','THUONGGIA','A00','MB06',3320000,0),('G6001','THUONGGIA','A01','MB06',3320000,0),('G6002','THUONGGIA','A02','MB06',3320000,0),('G6003','THUONGGIA','A03','MB06',3320000,0),('G6004','THUONGGIA','A04','MB06',3320000,0),('G6005','THUONGGIA','A05','MB06',3320000,0),('G6006','THUONGGIA','A06','MB06',3320000,0),('G6007','THUONGGIA','A07','MB06',3320000,0),('G6008','THUONGGIA','A08','MB06',3320000,0),('G6009','THUONGGIA','A09','MB06',3320000,0),('G6010','THUONGGIA','A10','MB06',3320000,0),('G6011','THUONGGIA','A11','MB06',3320000,0),('G6012','THUONGGIA','A12','MB06',3320000,0),('G6013','THUONGGIA','A13','MB06',3320000,0),('G6014','THUONGGIA','A14','MB06',3320000,0),('G6015','THUONGGIA','A15','MB06',3320000,0),('G6016','THUONGGIA','A16','MB06',3320000,0),('G6017','THUONGGIA','A17','MB06',3320000,0),('G6018','THUONGGIA','A18','MB06',3320000,0),('G6019','THUONGGIA','A19','MB06',3320000,0),('G6020','THUONGGIA','A20','MB06',3320000,0),('G6021','THUONGGIA','A21','MB06',3320000,0),('G6022','THUONGGIA','A22','MB06',3320000,0),('G6023','THUONGGIA','A23','MB06',3320000,0),('G6024','THUONGGIA','A24','MB06',3320000,0),('G6025','THUONGGIA','A25','MB06',3320000,0),('G6026','THUONGGIA','A26','MB06',3320000,0),('G6027','THUONGGIA','A27','MB06',3320000,0),('G6028','THUONGGIA','A28','MB06',3320000,0),('G6029','THUONGGIA','A29','MB06',3320000,0),('G6030','PHOTHONG','B000','MB06',1220000,0),('G6031','PHOTHONG','B001','MB06',1220000,0),('G6032','PHOTHONG','B002','MB06',1220000,0),('G6033','PHOTHONG','B003','MB06',1220000,0),('G6034','PHOTHONG','B004','MB06',1220000,0),('G6035','PHOTHONG','B005','MB06',1220000,0),('G6036','PHOTHONG','B006','MB06',1220000,0),('G6037','PHOTHONG','B007','MB06',1220000,0),('G6038','PHOTHONG','B008','MB06',1220000,0),('G6039','PHOTHONG','B009','MB06',1220000,0),('G6040','PHOTHONG','B010','MB06',1220000,0),('G6041','PHOTHONG','B011','MB06',1220000,0),('G6042','PHOTHONG','B012','MB06',1220000,0),('G6043','PHOTHONG','B013','MB06',1220000,0),('G6044','PHOTHONG','B014','MB06',1220000,0),('G6045','PHOTHONG','B015','MB06',1220000,0),('G6046','PHOTHONG','B016','MB06',1220000,0),('G6047','PHOTHONG','B017','MB06',1220000,0),('G6048','PHOTHONG','B018','MB06',1220000,0),('G6049','PHOTHONG','B019','MB06',1220000,0),('G6050','PHOTHONG','B020','MB06',1220000,0),('G6051','PHOTHONG','B021','MB06',1220000,0),('G6052','PHOTHONG','B022','MB06',1220000,0),('G6053','PHOTHONG','B023','MB06',1220000,0),('G6054','PHOTHONG','B024','MB06',1220000,0),('G6055','PHOTHONG','B025','MB06',1220000,0),('G6056','PHOTHONG','B026','MB06',1220000,0),('G6057','PHOTHONG','B027','MB06',1220000,0),('G6058','PHOTHONG','B028','MB06',1220000,0),('G6059','PHOTHONG','B029','MB06',1220000,0),('G6060','PHOTHONG','B030','MB06',1220000,0),('G6061','PHOTHONG','B031','MB06',1220000,0),('G6062','PHOTHONG','B032','MB06',1220000,0),('G6063','PHOTHONG','B033','MB06',1220000,0),('G6064','PHOTHONG','B034','MB06',1220000,0),('G6065','PHOTHONG','B035','MB06',1220000,0),('G6066','PHOTHONG','B036','MB06',1220000,0),('G6067','PHOTHONG','B037','MB06',1220000,0),('G6068','PHOTHONG','B038','MB06',1220000,0),('G6069','PHOTHONG','B039','MB06',1220000,0),('G6070','PHOTHONG','B040','MB06',1220000,0),('G6071','PHOTHONG','B041','MB06',1220000,0),('G6072','PHOTHONG','B042','MB06',1220000,0),('G6073','PHOTHONG','B043','MB06',1220000,0),('G6074','PHOTHONG','B044','MB06',1220000,0),('G6075','PHOTHONG','B045','MB06',1220000,0),('G6076','PHOTHONG','B046','MB06',1220000,0),('G6077','PHOTHONG','B047','MB06',1220000,0),('G6078','PHOTHONG','B048','MB06',1220000,0),('G6079','PHOTHONG','B049','MB06',1220000,0),('G6080','PHOTHONG','B050','MB06',1220000,0),('G6081','PHOTHONG','B051','MB06',1220000,0),('G6082','PHOTHONG','B052','MB06',1220000,0),('G6083','PHOTHONG','B053','MB06',1220000,0),('G6084','PHOTHONG','B054','MB06',1220000,0),('G6085','PHOTHONG','B055','MB06',1220000,0),('G6086','PHOTHONG','B056','MB06',1220000,0),('G6087','PHOTHONG','B057','MB06',1220000,0),('G6088','PHOTHONG','B058','MB06',1220000,0),('G6089','PHOTHONG','B059','MB06',1220000,0),('G6090','PHOTHONG','B060','MB06',1220000,0),('G6091','PHOTHONG','B061','MB06',1220000,0),('G6092','PHOTHONG','B062','MB06',1220000,0),('G6093','PHOTHONG','B063','MB06',1220000,0),('G6094','PHOTHONG','B064','MB06',1220000,0),('G6095','PHOTHONG','B065','MB06',1220000,0),('G6096','PHOTHONG','B066','MB06',1220000,0),('G6097','PHOTHONG','B067','MB06',1220000,0),('G6098','PHOTHONG','B068','MB06',1220000,0),('G6099','PHOTHONG','B069','MB06',1220000,0),('G6100','PHOTHONG','B070','MB06',1220000,0),('G6101','PHOTHONG','B071','MB06',1220000,0),('G6102','PHOTHONG','B072','MB06',1220000,0),('G6103','PHOTHONG','B073','MB06',1220000,0),('G6104','PHOTHONG','B074','MB06',1220000,0),('G6105','PHOTHONG','B075','MB06',1220000,0),('G6106','PHOTHONG','B076','MB06',1220000,0),('G6107','PHOTHONG','B077','MB06',1220000,0),('G6108','PHOTHONG','B078','MB06',1220000,0),('G6109','PHOTHONG','B079','MB06',1220000,0),('G6110','PHOTHONG','B080','MB06',1220000,0),('G6111','PHOTHONG','B081','MB06',1220000,0),('G6112','PHOTHONG','B082','MB06',1220000,0),('G6113','PHOTHONG','B083','MB06',1220000,0),('G6114','PHOTHONG','B084','MB06',1220000,0),('G6115','PHOTHONG','B085','MB06',1220000,0),('G6116','PHOTHONG','B086','MB06',1220000,0),('G6117','PHOTHONG','B087','MB06',1220000,0),('G6118','PHOTHONG','B088','MB06',1220000,0),('G6119','PHOTHONG','B089','MB06',1220000,0),('G6120','PHOTHONG','B090','MB06',1220000,0),('G6121','PHOTHONG','B091','MB06',1220000,0),('G6122','PHOTHONG','B092','MB06',1220000,0),('G6123','PHOTHONG','B093','MB06',1220000,0),('G6124','PHOTHONG','B094','MB06',1220000,0),('G6125','PHOTHONG','B095','MB06',1220000,0),('G6126','PHOTHONG','B096','MB06',1220000,0),('G6127','PHOTHONG','B097','MB06',1220000,0),('G6128','PHOTHONG','B098','MB06',1220000,0),('G6129','PHOTHONG','B099','MB06',1220000,0),('G6130','PHOTHONG','B100','MB06',1220000,0),('G6131','PHOTHONG','B101','MB06',1220000,0),('G6132','PHOTHONG','B102','MB06',1220000,0),('G6133','PHOTHONG','B103','MB06',1220000,0),('G6134','PHOTHONG','B104','MB06',1220000,0),('G6135','PHOTHONG','B105','MB06',1220000,0),('G6136','PHOTHONG','B106','MB06',1220000,0),('G6137','PHOTHONG','B107','MB06',1220000,0),('G6138','PHOTHONG','B108','MB06',1220000,0),('G6139','PHOTHONG','B109','MB06',1220000,0),('G6140','PHOTHONG','B110','MB06',1220000,0),('G6141','PHOTHONG','B111','MB06',1220000,0),('G6142','PHOTHONG','B112','MB06',1220000,0),('G6143','PHOTHONG','B113','MB06',1220000,0),('G6144','PHOTHONG','B114','MB06',1220000,0),('G6145','PHOTHONG','B115','MB06',1220000,0),('G6146','PHOTHONG','B116','MB06',1220000,0),('G6147','PHOTHONG','B117','MB06',1220000,0),('G6148','PHOTHONG','B118','MB06',1220000,0),('G6149','PHOTHONG','B119','MB06',1220000,0),('G6150','PHOTHONG','B120','MB06',1220000,0),('G6151','PHOTHONG','B121','MB06',1220000,0),('G6152','PHOTHONG','B122','MB06',1220000,0),('G6153','PHOTHONG','B123','MB06',1220000,0),('G6154','PHOTHONG','B124','MB06',1220000,0),('G6155','PHOTHONG','B125','MB06',1220000,0),('G6156','PHOTHONG','B126','MB06',1220000,0),('G6157','PHOTHONG','B127','MB06',1220000,0),('G6158','PHOTHONG','B128','MB06',1220000,0),('G6159','PHOTHONG','B129','MB06',1220000,0),('G6160','PHOTHONG','B130','MB06',1220000,0),('G6161','PHOTHONG','B131','MB06',1220000,0),('G6162','PHOTHONG','B132','MB06',1220000,0),('G6163','PHOTHONG','B133','MB06',1220000,0),('G6164','PHOTHONG','B134','MB06',1220000,0),('G6165','PHOTHONG','B135','MB06',1220000,0),('G6166','PHOTHONG','B136','MB06',1220000,0),('G6167','PHOTHONG','B137','MB06',1220000,0),('G6168','PHOTHONG','B138','MB06',1220000,0),('G6169','PHOTHONG','B139','MB06',1220000,0),('G6170','PHOTHONG','B140','MB06',1220000,0),('G6171','PHOTHONG','B141','MB06',1220000,0),('G6172','PHOTHONG','B142','MB06',1220000,0),('G6173','PHOTHONG','B143','MB06',1220000,0),('G6174','PHOTHONG','B144','MB06',1220000,0),('G6175','PHOTHONG','B145','MB06',1220000,0),('G6176','PHOTHONG','B146','MB06',1220000,0),('G6177','PHOTHONG','B147','MB06',1220000,0),('G6178','PHOTHONG','B148','MB06',1220000,0),('G6179','PHOTHONG','B149','MB06',1220000,0),('G6180','PHOTHONG','B150','MB06',1220000,0),('G6181','PHOTHONG','B151','MB06',1220000,0),('G6182','PHOTHONG','B152','MB06',1220000,0),('G6183','PHOTHONG','B153','MB06',1220000,0),('G6184','PHOTHONG','B154','MB06',1220000,0),('G6185','PHOTHONG','B155','MB06',1220000,0),('G6186','PHOTHONG','B156','MB06',1220000,0),('G6187','PHOTHONG','B157','MB06',1220000,0),('G6188','PHOTHONG','B158','MB06',1220000,0),('G6189','PHOTHONG','B159','MB06',1220000,0),('G6190','PHOTHONG','B160','MB06',1220000,0),('G6191','PHOTHONG','B161','MB06',1220000,0),('G6192','PHOTHONG','B162','MB06',1220000,0),('G6193','PHOTHONG','B163','MB06',1220000,0),('G6194','PHOTHONG','B164','MB06',1220000,0),('G6195','PHOTHONG','B165','MB06',1220000,0),('G6196','PHOTHONG','B166','MB06',1220000,0),('G6197','PHOTHONG','B167','MB06',1220000,0),('G6198','PHOTHONG','B168','MB06',1220000,0),('G6199','PHOTHONG','B169','MB06',1220000,0),('G6200','PHOTHONG','B170','MB06',1220000,0),('G6201','PHOTHONG','B171','MB06',1220000,0),('G6202','PHOTHONG','B172','MB06',1220000,0),('G6203','PHOTHONG','B173','MB06',1220000,0),('G6204','PHOTHONG','B174','MB06',1220000,0),('G6205','PHOTHONG','B175','MB06',1220000,0),('G6206','PHOTHONG','B176','MB06',1220000,0),('G6207','PHOTHONG','B177','MB06',1220000,0),('G6208','PHOTHONG','B178','MB06',1220000,0),('G6209','PHOTHONG','B179','MB06',1220000,0),('G6210','PHOTHONG','B180','MB06',1220000,0),('G6211','PHOTHONG','B181','MB06',1220000,0),('G6212','PHOTHONG','B182','MB06',1220000,0),('G6213','PHOTHONG','B183','MB06',1220000,0),('G6214','PHOTHONG','B184','MB06',1220000,0),('G6215','PHOTHONG','B185','MB06',1220000,0),('G6216','PHOTHONG','B186','MB06',1220000,0),('G6217','PHOTHONG','B187','MB06',1220000,0),('G6218','PHOTHONG','B188','MB06',1220000,0),('G6219','PHOTHONG','B189','MB06',1220000,0),('G6220','PHOTHONG','B190','MB06',1220000,0),('G6221','PHOTHONG','B191','MB06',1220000,0),('G6222','PHOTHONG','B192','MB06',1220000,0),('G6223','PHOTHONG','B193','MB06',1220000,0),('G6224','PHOTHONG','B194','MB06',1220000,0),('G6225','PHOTHONG','B195','MB06',1220000,0),('G6226','PHOTHONG','B196','MB06',1220000,0),('G6227','PHOTHONG','B197','MB06',1220000,0),('G6228','PHOTHONG','B198','MB06',1220000,0),('G6229','PHOTHONG','B199','MB06',1220000,0),('G6230','PHOTHONG','B200','MB06',1220000,0),('G6231','PHOTHONG','B201','MB06',1220000,0),('G6232','PHOTHONG','B202','MB06',1220000,0),('G6233','PHOTHONG','B203','MB06',1220000,0),('G6234','PHOTHONG','B204','MB06',1220000,0),('G6235','PHOTHONG','B205','MB06',1220000,0),('G6236','PHOTHONG','B206','MB06',1220000,0),('G6237','PHOTHONG','B207','MB06',1220000,0),('G6238','PHOTHONG','B208','MB06',1220000,0),('G6239','PHOTHONG','B209','MB06',1220000,0),('G6240','PHOTHONG','B210','MB06',1220000,0),('G6241','PHOTHONG','B211','MB06',1220000,0),('G6242','PHOTHONG','B212','MB06',1220000,0),('G6243','PHOTHONG','B213','MB06',1220000,0),('G6244','PHOTHONG','B214','MB06',1220000,0),('G6245','PHOTHONG','B215','MB06',1220000,0),('G6246','PHOTHONG','B216','MB06',1220000,0),('G6247','PHOTHONG','B217','MB06',1220000,0),('G6248','PHOTHONG','B218','MB06',1220000,0),('G6249','PHOTHONG','B219','MB06',1220000,0),('G6250','PHOTHONG','B220','MB06',1220000,0),('G6251','PHOTHONG','B221','MB06',1220000,0),('G6252','PHOTHONG','B222','MB06',1220000,0),('G6253','PHOTHONG','B223','MB06',1220000,0),('G6254','PHOTHONG','B224','MB06',1220000,0),('G6255','PHOTHONG','B225','MB06',1220000,0),('G6256','PHOTHONG','B226','MB06',1220000,0),('G6257','PHOTHONG','B227','MB06',1220000,0),('G6258','PHOTHONG','B228','MB06',1220000,0),('G6259','PHOTHONG','B229','MB06',1220000,0),('G6260','PHOTHONG','B230','MB06',1220000,0),('G6261','PHOTHONG','B231','MB06',1220000,0),('G6262','PHOTHONG','B232','MB06',1220000,0),('G6263','PHOTHONG','B233','MB06',1220000,0),('G6264','PHOTHONG','B234','MB06',1220000,0),('G6265','PHOTHONG','B235','MB06',1220000,0),('G6266','PHOTHONG','B236','MB06',1220000,0),('G6267','PHOTHONG','B237','MB06',1220000,0),('G6268','PHOTHONG','B238','MB06',1220000,0),('G6269','PHOTHONG','B239','MB06',1220000,0),('G6270','PHOTHONG','B240','MB06',1220000,0),('G6271','PHOTHONG','B241','MB06',1220000,0),('G6272','PHOTHONG','B242','MB06',1220000,0),('G6273','PHOTHONG','B243','MB06',1220000,0),('G6274','PHOTHONG','B244','MB06',1220000,0),('G6275','PHOTHONG','B245','MB06',1220000,0),('G6276','PHOTHONG','B246','MB06',1220000,0),('G6277','PHOTHONG','B247','MB06',1220000,0),('G6278','PHOTHONG','B248','MB06',1220000,0),('G6279','PHOTHONG','B249','MB06',1220000,0),('G7000','THUONGGIA','A00','MB07',6340000,1),('G7001','THUONGGIA','A01','MB07',6340000,1),('G7002','THUONGGIA','A02','MB07',6340000,1),('G7003','THUONGGIA','A03','MB07',6340000,1),('G7004','THUONGGIA','A04','MB07',6340000,1),('G7005','THUONGGIA','A05','MB07',6340000,1),('G7006','THUONGGIA','A06','MB07',6340000,0),('G7007','THUONGGIA','A07','MB07',6340000,0),('G7008','THUONGGIA','A08','MB07',6340000,0),('G7009','THUONGGIA','A09','MB07',6340000,0),('G7010','THUONGGIA','A10','MB07',6340000,0),('G7011','THUONGGIA','A11','MB07',6340000,0),('G7012','THUONGGIA','A12','MB07',6340000,0),('G7013','THUONGGIA','A13','MB07',6340000,0),('G7014','THUONGGIA','A14','MB07',6340000,0),('G7015','THUONGGIA','A15','MB07',6340000,0),('G7016','THUONGGIA','A16','MB07',6340000,0),('G7017','THUONGGIA','A17','MB07',6340000,0),('G7018','THUONGGIA','A18','MB07',6340000,0),('G7019','THUONGGIA','A19','MB07',6340000,0),('G7020','THUONGGIA','A20','MB07',6340000,0),('G7021','THUONGGIA','A21','MB07',6340000,0),('G7022','THUONGGIA','A22','MB07',6340000,0),('G7023','THUONGGIA','A23','MB07',6340000,0),('G7024','THUONGGIA','A24','MB07',6340000,0),('G7025','THUONGGIA','A25','MB07',6340000,0),('G7026','THUONGGIA','A26','MB07',6340000,0),('G7027','THUONGGIA','A27','MB07',6340000,0),('G7028','THUONGGIA','A28','MB07',6340000,0),('G7029','THUONGGIA','A29','MB07',6340000,0),('G7030','PHOTHONG','B000','MB07',2010000,1),('G7031','PHOTHONG','B001','MB07',2010000,1),('G7032','PHOTHONG','B002','MB07',2010000,1),('G7033','PHOTHONG','B003','MB07',2010000,1),('G7034','PHOTHONG','B004','MB07',2010000,0),('G7035','PHOTHONG','B005','MB07',2010000,0),('G7036','PHOTHONG','B006','MB07',2010000,0),('G7037','PHOTHONG','B007','MB07',2010000,0),('G7038','PHOTHONG','B008','MB07',2010000,0),('G7039','PHOTHONG','B009','MB07',2010000,0),('G7040','PHOTHONG','B010','MB07',2010000,0),('G7041','PHOTHONG','B011','MB07',2010000,0),('G7042','PHOTHONG','B012','MB07',2010000,0),('G7043','PHOTHONG','B013','MB07',2010000,0),('G7044','PHOTHONG','B014','MB07',2010000,0),('G7045','PHOTHONG','B015','MB07',2010000,0),('G7046','PHOTHONG','B016','MB07',2010000,0),('G7047','PHOTHONG','B017','MB07',2010000,0),('G7048','PHOTHONG','B018','MB07',2010000,0),('G7049','PHOTHONG','B019','MB07',2010000,0),('G7050','PHOTHONG','B020','MB07',2010000,0),('G7051','PHOTHONG','B021','MB07',2010000,0),('G7052','PHOTHONG','B022','MB07',2010000,0),('G7053','PHOTHONG','B023','MB07',2010000,0),('G7054','PHOTHONG','B024','MB07',2010000,0),('G7055','PHOTHONG','B025','MB07',2010000,0),('G7056','PHOTHONG','B026','MB07',2010000,0),('G7057','PHOTHONG','B027','MB07',2010000,0),('G7058','PHOTHONG','B028','MB07',2010000,0),('G7059','PHOTHONG','B029','MB07',2010000,0),('G7060','PHOTHONG','B030','MB07',2010000,0),('G7061','PHOTHONG','B031','MB07',2010000,0),('G7062','PHOTHONG','B032','MB07',2010000,0),('G7063','PHOTHONG','B033','MB07',2010000,0),('G7064','PHOTHONG','B034','MB07',2010000,0),('G7065','PHOTHONG','B035','MB07',2010000,0),('G7066','PHOTHONG','B036','MB07',2010000,0),('G7067','PHOTHONG','B037','MB07',2010000,0),('G7068','PHOTHONG','B038','MB07',2010000,0),('G7069','PHOTHONG','B039','MB07',2010000,0),('G7070','PHOTHONG','B040','MB07',2010000,0),('G7071','PHOTHONG','B041','MB07',2010000,0),('G7072','PHOTHONG','B042','MB07',2010000,0),('G7073','PHOTHONG','B043','MB07',2010000,0),('G7074','PHOTHONG','B044','MB07',2010000,0),('G7075','PHOTHONG','B045','MB07',2010000,0),('G7076','PHOTHONG','B046','MB07',2010000,0),('G7077','PHOTHONG','B047','MB07',2010000,0),('G7078','PHOTHONG','B048','MB07',2010000,0),('G7079','PHOTHONG','B049','MB07',2010000,0),('G7080','PHOTHONG','B050','MB07',2010000,0),('G7081','PHOTHONG','B051','MB07',2010000,0),('G7082','PHOTHONG','B052','MB07',2010000,0),('G7083','PHOTHONG','B053','MB07',2010000,0),('G7084','PHOTHONG','B054','MB07',2010000,0),('G7085','PHOTHONG','B055','MB07',2010000,0),('G7086','PHOTHONG','B056','MB07',2010000,0),('G7087','PHOTHONG','B057','MB07',2010000,0),('G7088','PHOTHONG','B058','MB07',2010000,0),('G7089','PHOTHONG','B059','MB07',2010000,0),('G7090','PHOTHONG','B060','MB07',2010000,0),('G7091','PHOTHONG','B061','MB07',2010000,0),('G7092','PHOTHONG','B062','MB07',2010000,0),('G7093','PHOTHONG','B063','MB07',2010000,0),('G7094','PHOTHONG','B064','MB07',2010000,0),('G7095','PHOTHONG','B065','MB07',2010000,0),('G7096','PHOTHONG','B066','MB07',2010000,0),('G7097','PHOTHONG','B067','MB07',2010000,0),('G7098','PHOTHONG','B068','MB07',2010000,0),('G7099','PHOTHONG','B069','MB07',2010000,0),('G7100','PHOTHONG','B070','MB07',2010000,0),('G7101','PHOTHONG','B071','MB07',2010000,0),('G7102','PHOTHONG','B072','MB07',2010000,0),('G7103','PHOTHONG','B073','MB07',2010000,0),('G7104','PHOTHONG','B074','MB07',2010000,0),('G7105','PHOTHONG','B075','MB07',2010000,0),('G7106','PHOTHONG','B076','MB07',2010000,0),('G7107','PHOTHONG','B077','MB07',2010000,0),('G7108','PHOTHONG','B078','MB07',2010000,0),('G7109','PHOTHONG','B079','MB07',2010000,0),('G7110','PHOTHONG','B080','MB07',2010000,0),('G7111','PHOTHONG','B081','MB07',2010000,0),('G7112','PHOTHONG','B082','MB07',2010000,0),('G7113','PHOTHONG','B083','MB07',2010000,0),('G7114','PHOTHONG','B084','MB07',2010000,0),('G7115','PHOTHONG','B085','MB07',2010000,0),('G7116','PHOTHONG','B086','MB07',2010000,0),('G7117','PHOTHONG','B087','MB07',2010000,0),('G7118','PHOTHONG','B088','MB07',2010000,0),('G7119','PHOTHONG','B089','MB07',2010000,0),('G7120','PHOTHONG','B090','MB07',2010000,0),('G7121','PHOTHONG','B091','MB07',2010000,0),('G7122','PHOTHONG','B092','MB07',2010000,0),('G7123','PHOTHONG','B093','MB07',2010000,0),('G7124','PHOTHONG','B094','MB07',2010000,0),('G7125','PHOTHONG','B095','MB07',2010000,0),('G7126','PHOTHONG','B096','MB07',2010000,0),('G7127','PHOTHONG','B097','MB07',2010000,0),('G7128','PHOTHONG','B098','MB07',2010000,0),('G7129','PHOTHONG','B099','MB07',2010000,0),('G7130','PHOTHONG','B100','MB07',2010000,0),('G7131','PHOTHONG','B101','MB07',2010000,0),('G7132','PHOTHONG','B102','MB07',2010000,0),('G7133','PHOTHONG','B103','MB07',2010000,0),('G7134','PHOTHONG','B104','MB07',2010000,0),('G7135','PHOTHONG','B105','MB07',2010000,0),('G7136','PHOTHONG','B106','MB07',2010000,0),('G7137','PHOTHONG','B107','MB07',2010000,0),('G7138','PHOTHONG','B108','MB07',2010000,0),('G7139','PHOTHONG','B109','MB07',2010000,0),('G7140','PHOTHONG','B110','MB07',2010000,0),('G7141','PHOTHONG','B111','MB07',2010000,0),('G7142','PHOTHONG','B112','MB07',2010000,0),('G7143','PHOTHONG','B113','MB07',2010000,0),('G7144','PHOTHONG','B114','MB07',2010000,0),('G7145','PHOTHONG','B115','MB07',2010000,0),('G7146','PHOTHONG','B116','MB07',2010000,0),('G7147','PHOTHONG','B117','MB07',2010000,0),('G7148','PHOTHONG','B118','MB07',2010000,0),('G7149','PHOTHONG','B119','MB07',2010000,0),('G7150','PHOTHONG','B120','MB07',2010000,0),('G7151','PHOTHONG','B121','MB07',2010000,0),('G7152','PHOTHONG','B122','MB07',2010000,0),('G7153','PHOTHONG','B123','MB07',2010000,0),('G7154','PHOTHONG','B124','MB07',2010000,0),('G7155','PHOTHONG','B125','MB07',2010000,0),('G7156','PHOTHONG','B126','MB07',2010000,0),('G7157','PHOTHONG','B127','MB07',2010000,0),('G7158','PHOTHONG','B128','MB07',2010000,0),('G7159','PHOTHONG','B129','MB07',2010000,0),('G7160','PHOTHONG','B130','MB07',2010000,0),('G7161','PHOTHONG','B131','MB07',2010000,0),('G7162','PHOTHONG','B132','MB07',2010000,0),('G7163','PHOTHONG','B133','MB07',2010000,0),('G7164','PHOTHONG','B134','MB07',2010000,0),('G7165','PHOTHONG','B135','MB07',2010000,0),('G7166','PHOTHONG','B136','MB07',2010000,0),('G7167','PHOTHONG','B137','MB07',2010000,0),('G7168','PHOTHONG','B138','MB07',2010000,0),('G7169','PHOTHONG','B139','MB07',2010000,0),('G7170','PHOTHONG','B140','MB07',2010000,0),('G7171','PHOTHONG','B141','MB07',2010000,0),('G7172','PHOTHONG','B142','MB07',2010000,0),('G7173','PHOTHONG','B143','MB07',2010000,0),('G7174','PHOTHONG','B144','MB07',2010000,0),('G7175','PHOTHONG','B145','MB07',2010000,0),('G7176','PHOTHONG','B146','MB07',2010000,0),('G7177','PHOTHONG','B147','MB07',2010000,0),('G7178','PHOTHONG','B148','MB07',2010000,0),('G7179','PHOTHONG','B149','MB07',2010000,0),('G7180','PHOTHONG','B150','MB07',2010000,0),('G7181','PHOTHONG','B151','MB07',2010000,0),('G7182','PHOTHONG','B152','MB07',2010000,0),('G7183','PHOTHONG','B153','MB07',2010000,0),('G7184','PHOTHONG','B154','MB07',2010000,0),('G7185','PHOTHONG','B155','MB07',2010000,0),('G7186','PHOTHONG','B156','MB07',2010000,0),('G7187','PHOTHONG','B157','MB07',2010000,0),('G7188','PHOTHONG','B158','MB07',2010000,0),('G7189','PHOTHONG','B159','MB07',2010000,0),('G7190','PHOTHONG','B160','MB07',2010000,0),('G7191','PHOTHONG','B161','MB07',2010000,0),('G7192','PHOTHONG','B162','MB07',2010000,0),('G7193','PHOTHONG','B163','MB07',2010000,0),('G7194','PHOTHONG','B164','MB07',2010000,0),('G7195','PHOTHONG','B165','MB07',2010000,0),('G7196','PHOTHONG','B166','MB07',2010000,0),('G7197','PHOTHONG','B167','MB07',2010000,0),('G7198','PHOTHONG','B168','MB07',2010000,0),('G7199','PHOTHONG','B169','MB07',2010000,0),('G7200','PHOTHONG','B170','MB07',2010000,0),('G7201','PHOTHONG','B171','MB07',2010000,0),('G7202','PHOTHONG','B172','MB07',2010000,0),('G7203','PHOTHONG','B173','MB07',2010000,0),('G7204','PHOTHONG','B174','MB07',2010000,0),('G7205','PHOTHONG','B175','MB07',2010000,0),('G7206','PHOTHONG','B176','MB07',2010000,0),('G7207','PHOTHONG','B177','MB07',2010000,0),('G7208','PHOTHONG','B178','MB07',2010000,0),('G7209','PHOTHONG','B179','MB07',2010000,0),('G7210','PHOTHONG','B180','MB07',2010000,0),('G7211','PHOTHONG','B181','MB07',2010000,0),('G7212','PHOTHONG','B182','MB07',2010000,0),('G7213','PHOTHONG','B183','MB07',2010000,0),('G7214','PHOTHONG','B184','MB07',2010000,0),('G7215','PHOTHONG','B185','MB07',2010000,0),('G7216','PHOTHONG','B186','MB07',2010000,0),('G7217','PHOTHONG','B187','MB07',2010000,0),('G7218','PHOTHONG','B188','MB07',2010000,0),('G7219','PHOTHONG','B189','MB07',2010000,0),('G7220','PHOTHONG','B190','MB07',2010000,0),('G7221','PHOTHONG','B191','MB07',2010000,0),('G7222','PHOTHONG','B192','MB07',2010000,0),('G7223','PHOTHONG','B193','MB07',2010000,0),('G7224','PHOTHONG','B194','MB07',2010000,0),('G7225','PHOTHONG','B195','MB07',2010000,0),('G7226','PHOTHONG','B196','MB07',2010000,0),('G7227','PHOTHONG','B197','MB07',2010000,0),('G7228','PHOTHONG','B198','MB07',2010000,0),('G7229','PHOTHONG','B199','MB07',2010000,0),('G7230','PHOTHONG','B200','MB07',2010000,0),('G7231','PHOTHONG','B201','MB07',2010000,0),('G7232','PHOTHONG','B202','MB07',2010000,0),('G7233','PHOTHONG','B203','MB07',2010000,0),('G7234','PHOTHONG','B204','MB07',2010000,0),('G7235','PHOTHONG','B205','MB07',2010000,0),('G7236','PHOTHONG','B206','MB07',2010000,0),('G7237','PHOTHONG','B207','MB07',2010000,0),('G7238','PHOTHONG','B208','MB07',2010000,0),('G7239','PHOTHONG','B209','MB07',2010000,0),('G7240','PHOTHONG','B210','MB07',2010000,0),('G7241','PHOTHONG','B211','MB07',2010000,0),('G7242','PHOTHONG','B212','MB07',2010000,0),('G7243','PHOTHONG','B213','MB07',2010000,0),('G7244','PHOTHONG','B214','MB07',2010000,0),('G7245','PHOTHONG','B215','MB07',2010000,0),('G7246','PHOTHONG','B216','MB07',2010000,0),('G7247','PHOTHONG','B217','MB07',2010000,0),('G7248','PHOTHONG','B218','MB07',2010000,0),('G7249','PHOTHONG','B219','MB07',2010000,0),('G7250','PHOTHONG','B220','MB07',2010000,0),('G7251','PHOTHONG','B221','MB07',2010000,0),('G7252','PHOTHONG','B222','MB07',2010000,0),('G7253','PHOTHONG','B223','MB07',2010000,0),('G7254','PHOTHONG','B224','MB07',2010000,0),('G7255','PHOTHONG','B225','MB07',2010000,0),('G7256','PHOTHONG','B226','MB07',2010000,0),('G7257','PHOTHONG','B227','MB07',2010000,0),('G7258','PHOTHONG','B228','MB07',2010000,0),('G7259','PHOTHONG','B229','MB07',2010000,0),('G7260','PHOTHONG','B230','MB07',2010000,0),('G7261','PHOTHONG','B231','MB07',2010000,0),('G7262','PHOTHONG','B232','MB07',2010000,0),('G7263','PHOTHONG','B233','MB07',2010000,0),('G7264','PHOTHONG','B234','MB07',2010000,0),('G7265','PHOTHONG','B235','MB07',2010000,0),('G7266','PHOTHONG','B236','MB07',2010000,0),('G7267','PHOTHONG','B237','MB07',2010000,0),('G7268','PHOTHONG','B238','MB07',2010000,0),('G7269','PHOTHONG','B239','MB07',2010000,0),('G7270','PHOTHONG','B240','MB07',2010000,0),('G7271','PHOTHONG','B241','MB07',2010000,0),('G7272','PHOTHONG','B242','MB07',2010000,0),('G7273','PHOTHONG','B243','MB07',2010000,0),('G7274','PHOTHONG','B244','MB07',2010000,0),('G7275','PHOTHONG','B245','MB07',2010000,0),('G7276','PHOTHONG','B246','MB07',2010000,0),('G7277','PHOTHONG','B247','MB07',2010000,0),('G7278','PHOTHONG','B248','MB07',2010000,0),('G7279','PHOTHONG','B249','MB07',2010000,0),('G8000','THUONGGIA','A00','MB08',3320000,0),('G8001','THUONGGIA','A01','MB08',3320000,0),('G8002','THUONGGIA','A02','MB08',3320000,0),('G8003','THUONGGIA','A03','MB08',3320000,0),('G8004','THUONGGIA','A04','MB08',3320000,0),('G8005','THUONGGIA','A05','MB08',3320000,0),('G8006','THUONGGIA','A06','MB08',3320000,0),('G8007','THUONGGIA','A07','MB08',3320000,0),('G8008','THUONGGIA','A08','MB08',3320000,0),('G8009','THUONGGIA','A09','MB08',3320000,0),('G8010','THUONGGIA','A10','MB08',3320000,0),('G8011','THUONGGIA','A11','MB08',3320000,0),('G8012','THUONGGIA','A12','MB08',3320000,0),('G8013','THUONGGIA','A13','MB08',3320000,0),('G8014','THUONGGIA','A14','MB08',3320000,0),('G8015','THUONGGIA','A15','MB08',3320000,0),('G8016','THUONGGIA','A16','MB08',3320000,0),('G8017','THUONGGIA','A17','MB08',3320000,0),('G8018','THUONGGIA','A18','MB08',3320000,0),('G8019','THUONGGIA','A19','MB08',3320000,0),('G8020','THUONGGIA','A20','MB08',3320000,0),('G8021','THUONGGIA','A21','MB08',3320000,0),('G8022','THUONGGIA','A22','MB08',3320000,0),('G8023','THUONGGIA','A23','MB08',3320000,0),('G8024','THUONGGIA','A24','MB08',3320000,0),('G8025','THUONGGIA','A25','MB08',3320000,0),('G8026','THUONGGIA','A26','MB08',3320000,0),('G8027','THUONGGIA','A27','MB08',3320000,0),('G8028','THUONGGIA','A28','MB08',3320000,0),('G8029','THUONGGIA','A29','MB08',3320000,0),('G8030','PHOTHONG','B000','MB08',1220000,0),('G8031','PHOTHONG','B001','MB08',1220000,0),('G8032','PHOTHONG','B002','MB08',1220000,0),('G8033','PHOTHONG','B003','MB08',1220000,0),('G8034','PHOTHONG','B004','MB08',1220000,0),('G8035','PHOTHONG','B005','MB08',1220000,0),('G8036','PHOTHONG','B006','MB08',1220000,0),('G8037','PHOTHONG','B007','MB08',1220000,0),('G8038','PHOTHONG','B008','MB08',1220000,0),('G8039','PHOTHONG','B009','MB08',1220000,0),('G8040','PHOTHONG','B010','MB08',1220000,0),('G8041','PHOTHONG','B011','MB08',1220000,0),('G8042','PHOTHONG','B012','MB08',1220000,0),('G8043','PHOTHONG','B013','MB08',1220000,0),('G8044','PHOTHONG','B014','MB08',1220000,0),('G8045','PHOTHONG','B015','MB08',1220000,0),('G8046','PHOTHONG','B016','MB08',1220000,0),('G8047','PHOTHONG','B017','MB08',1220000,0),('G8048','PHOTHONG','B018','MB08',1220000,0),('G8049','PHOTHONG','B019','MB08',1220000,0),('G8050','PHOTHONG','B020','MB08',1220000,0),('G8051','PHOTHONG','B021','MB08',1220000,0),('G8052','PHOTHONG','B022','MB08',1220000,0),('G8053','PHOTHONG','B023','MB08',1220000,0),('G8054','PHOTHONG','B024','MB08',1220000,0),('G8055','PHOTHONG','B025','MB08',1220000,0),('G8056','PHOTHONG','B026','MB08',1220000,0),('G8057','PHOTHONG','B027','MB08',1220000,0),('G8058','PHOTHONG','B028','MB08',1220000,0),('G8059','PHOTHONG','B029','MB08',1220000,0),('G8060','PHOTHONG','B030','MB08',1220000,0),('G8061','PHOTHONG','B031','MB08',1220000,0),('G8062','PHOTHONG','B032','MB08',1220000,0),('G8063','PHOTHONG','B033','MB08',1220000,0),('G8064','PHOTHONG','B034','MB08',1220000,0),('G8065','PHOTHONG','B035','MB08',1220000,0),('G8066','PHOTHONG','B036','MB08',1220000,0),('G8067','PHOTHONG','B037','MB08',1220000,0),('G8068','PHOTHONG','B038','MB08',1220000,0),('G8069','PHOTHONG','B039','MB08',1220000,0),('G8070','PHOTHONG','B040','MB08',1220000,0),('G8071','PHOTHONG','B041','MB08',1220000,0),('G8072','PHOTHONG','B042','MB08',1220000,0),('G8073','PHOTHONG','B043','MB08',1220000,0),('G8074','PHOTHONG','B044','MB08',1220000,0),('G8075','PHOTHONG','B045','MB08',1220000,0),('G8076','PHOTHONG','B046','MB08',1220000,0),('G8077','PHOTHONG','B047','MB08',1220000,0),('G8078','PHOTHONG','B048','MB08',1220000,0),('G8079','PHOTHONG','B049','MB08',1220000,0),('G8080','PHOTHONG','B050','MB08',1220000,0),('G8081','PHOTHONG','B051','MB08',1220000,0),('G8082','PHOTHONG','B052','MB08',1220000,0),('G8083','PHOTHONG','B053','MB08',1220000,0),('G8084','PHOTHONG','B054','MB08',1220000,0),('G8085','PHOTHONG','B055','MB08',1220000,0),('G8086','PHOTHONG','B056','MB08',1220000,0),('G8087','PHOTHONG','B057','MB08',1220000,0),('G8088','PHOTHONG','B058','MB08',1220000,0),('G8089','PHOTHONG','B059','MB08',1220000,0),('G8090','PHOTHONG','B060','MB08',1220000,0),('G8091','PHOTHONG','B061','MB08',1220000,0),('G8092','PHOTHONG','B062','MB08',1220000,0),('G8093','PHOTHONG','B063','MB08',1220000,0),('G8094','PHOTHONG','B064','MB08',1220000,0),('G8095','PHOTHONG','B065','MB08',1220000,0),('G8096','PHOTHONG','B066','MB08',1220000,0),('G8097','PHOTHONG','B067','MB08',1220000,0),('G8098','PHOTHONG','B068','MB08',1220000,0),('G8099','PHOTHONG','B069','MB08',1220000,0),('G8100','PHOTHONG','B070','MB08',1220000,0),('G8101','PHOTHONG','B071','MB08',1220000,0),('G8102','PHOTHONG','B072','MB08',1220000,0),('G8103','PHOTHONG','B073','MB08',1220000,0),('G8104','PHOTHONG','B074','MB08',1220000,0),('G8105','PHOTHONG','B075','MB08',1220000,0),('G8106','PHOTHONG','B076','MB08',1220000,0),('G8107','PHOTHONG','B077','MB08',1220000,0),('G8108','PHOTHONG','B078','MB08',1220000,0),('G8109','PHOTHONG','B079','MB08',1220000,0),('G8110','PHOTHONG','B080','MB08',1220000,0),('G8111','PHOTHONG','B081','MB08',1220000,0),('G8112','PHOTHONG','B082','MB08',1220000,0),('G8113','PHOTHONG','B083','MB08',1220000,0),('G8114','PHOTHONG','B084','MB08',1220000,0),('G8115','PHOTHONG','B085','MB08',1220000,0),('G8116','PHOTHONG','B086','MB08',1220000,0),('G8117','PHOTHONG','B087','MB08',1220000,0),('G8118','PHOTHONG','B088','MB08',1220000,0),('G8119','PHOTHONG','B089','MB08',1220000,0),('G8120','PHOTHONG','B090','MB08',1220000,0),('G8121','PHOTHONG','B091','MB08',1220000,0),('G8122','PHOTHONG','B092','MB08',1220000,0),('G8123','PHOTHONG','B093','MB08',1220000,0),('G8124','PHOTHONG','B094','MB08',1220000,0),('G8125','PHOTHONG','B095','MB08',1220000,0),('G8126','PHOTHONG','B096','MB08',1220000,0),('G8127','PHOTHONG','B097','MB08',1220000,0),('G8128','PHOTHONG','B098','MB08',1220000,0),('G8129','PHOTHONG','B099','MB08',1220000,0),('G8130','PHOTHONG','B100','MB08',1220000,0),('G8131','PHOTHONG','B101','MB08',1220000,0),('G8132','PHOTHONG','B102','MB08',1220000,0),('G8133','PHOTHONG','B103','MB08',1220000,0),('G8134','PHOTHONG','B104','MB08',1220000,0),('G8135','PHOTHONG','B105','MB08',1220000,0),('G8136','PHOTHONG','B106','MB08',1220000,0),('G8137','PHOTHONG','B107','MB08',1220000,0),('G8138','PHOTHONG','B108','MB08',1220000,0),('G8139','PHOTHONG','B109','MB08',1220000,0),('G8140','PHOTHONG','B110','MB08',1220000,0),('G8141','PHOTHONG','B111','MB08',1220000,0),('G8142','PHOTHONG','B112','MB08',1220000,0),('G8143','PHOTHONG','B113','MB08',1220000,0),('G8144','PHOTHONG','B114','MB08',1220000,0),('G8145','PHOTHONG','B115','MB08',1220000,0),('G8146','PHOTHONG','B116','MB08',1220000,0),('G8147','PHOTHONG','B117','MB08',1220000,0),('G8148','PHOTHONG','B118','MB08',1220000,0),('G8149','PHOTHONG','B119','MB08',1220000,0),('G8150','PHOTHONG','B120','MB08',1220000,0),('G8151','PHOTHONG','B121','MB08',1220000,0),('G8152','PHOTHONG','B122','MB08',1220000,0),('G8153','PHOTHONG','B123','MB08',1220000,0),('G8154','PHOTHONG','B124','MB08',1220000,0),('G8155','PHOTHONG','B125','MB08',1220000,0),('G8156','PHOTHONG','B126','MB08',1220000,0),('G8157','PHOTHONG','B127','MB08',1220000,0),('G8158','PHOTHONG','B128','MB08',1220000,0),('G8159','PHOTHONG','B129','MB08',1220000,0),('G8160','PHOTHONG','B130','MB08',1220000,0),('G8161','PHOTHONG','B131','MB08',1220000,0),('G8162','PHOTHONG','B132','MB08',1220000,0),('G8163','PHOTHONG','B133','MB08',1220000,0),('G8164','PHOTHONG','B134','MB08',1220000,0),('G8165','PHOTHONG','B135','MB08',1220000,0),('G8166','PHOTHONG','B136','MB08',1220000,0),('G8167','PHOTHONG','B137','MB08',1220000,0),('G8168','PHOTHONG','B138','MB08',1220000,0),('G8169','PHOTHONG','B139','MB08',1220000,0),('G8170','PHOTHONG','B140','MB08',1220000,0),('G8171','PHOTHONG','B141','MB08',1220000,0),('G8172','PHOTHONG','B142','MB08',1220000,0),('G8173','PHOTHONG','B143','MB08',1220000,0),('G8174','PHOTHONG','B144','MB08',1220000,0),('G8175','PHOTHONG','B145','MB08',1220000,0),('G8176','PHOTHONG','B146','MB08',1220000,0),('G8177','PHOTHONG','B147','MB08',1220000,0),('G8178','PHOTHONG','B148','MB08',1220000,0),('G8179','PHOTHONG','B149','MB08',1220000,0),('G8180','PHOTHONG','B150','MB08',1220000,0),('G8181','PHOTHONG','B151','MB08',1220000,0),('G8182','PHOTHONG','B152','MB08',1220000,0),('G8183','PHOTHONG','B153','MB08',1220000,0),('G8184','PHOTHONG','B154','MB08',1220000,0),('G8185','PHOTHONG','B155','MB08',1220000,0),('G8186','PHOTHONG','B156','MB08',1220000,0),('G8187','PHOTHONG','B157','MB08',1220000,0),('G8188','PHOTHONG','B158','MB08',1220000,0),('G8189','PHOTHONG','B159','MB08',1220000,0),('G8190','PHOTHONG','B160','MB08',1220000,0),('G8191','PHOTHONG','B161','MB08',1220000,0),('G8192','PHOTHONG','B162','MB08',1220000,0),('G8193','PHOTHONG','B163','MB08',1220000,0),('G8194','PHOTHONG','B164','MB08',1220000,0),('G8195','PHOTHONG','B165','MB08',1220000,0),('G8196','PHOTHONG','B166','MB08',1220000,0),('G8197','PHOTHONG','B167','MB08',1220000,0),('G8198','PHOTHONG','B168','MB08',1220000,0),('G8199','PHOTHONG','B169','MB08',1220000,0),('G8200','PHOTHONG','B170','MB08',1220000,0),('G8201','PHOTHONG','B171','MB08',1220000,0),('G8202','PHOTHONG','B172','MB08',1220000,0),('G8203','PHOTHONG','B173','MB08',1220000,0),('G8204','PHOTHONG','B174','MB08',1220000,0),('G8205','PHOTHONG','B175','MB08',1220000,0),('G8206','PHOTHONG','B176','MB08',1220000,0),('G8207','PHOTHONG','B177','MB08',1220000,0),('G8208','PHOTHONG','B178','MB08',1220000,0),('G8209','PHOTHONG','B179','MB08',1220000,0),('G8210','PHOTHONG','B180','MB08',1220000,0),('G8211','PHOTHONG','B181','MB08',1220000,0),('G8212','PHOTHONG','B182','MB08',1220000,0),('G8213','PHOTHONG','B183','MB08',1220000,0),('G8214','PHOTHONG','B184','MB08',1220000,0),('G8215','PHOTHONG','B185','MB08',1220000,0),('G8216','PHOTHONG','B186','MB08',1220000,0),('G8217','PHOTHONG','B187','MB08',1220000,0),('G8218','PHOTHONG','B188','MB08',1220000,0),('G8219','PHOTHONG','B189','MB08',1220000,0),('G8220','PHOTHONG','B190','MB08',1220000,0),('G8221','PHOTHONG','B191','MB08',1220000,0),('G8222','PHOTHONG','B192','MB08',1220000,0),('G8223','PHOTHONG','B193','MB08',1220000,0),('G8224','PHOTHONG','B194','MB08',1220000,0),('G8225','PHOTHONG','B195','MB08',1220000,0),('G8226','PHOTHONG','B196','MB08',1220000,0),('G8227','PHOTHONG','B197','MB08',1220000,0),('G8228','PHOTHONG','B198','MB08',1220000,0),('G8229','PHOTHONG','B199','MB08',1220000,0),('G8230','PHOTHONG','B200','MB08',1220000,0),('G8231','PHOTHONG','B201','MB08',1220000,0),('G8232','PHOTHONG','B202','MB08',1220000,0),('G8233','PHOTHONG','B203','MB08',1220000,0),('G8234','PHOTHONG','B204','MB08',1220000,0),('G8235','PHOTHONG','B205','MB08',1220000,0),('G8236','PHOTHONG','B206','MB08',1220000,0),('G8237','PHOTHONG','B207','MB08',1220000,0),('G8238','PHOTHONG','B208','MB08',1220000,0),('G8239','PHOTHONG','B209','MB08',1220000,0),('G8240','PHOTHONG','B210','MB08',1220000,0),('G8241','PHOTHONG','B211','MB08',1220000,0),('G8242','PHOTHONG','B212','MB08',1220000,0),('G8243','PHOTHONG','B213','MB08',1220000,0),('G8244','PHOTHONG','B214','MB08',1220000,0),('G8245','PHOTHONG','B215','MB08',1220000,0),('G8246','PHOTHONG','B216','MB08',1220000,0),('G8247','PHOTHONG','B217','MB08',1220000,0),('G8248','PHOTHONG','B218','MB08',1220000,0),('G8249','PHOTHONG','B219','MB08',1220000,0),('G8250','PHOTHONG','B220','MB08',1220000,0),('G8251','PHOTHONG','B221','MB08',1220000,0),('G8252','PHOTHONG','B222','MB08',1220000,0),('G8253','PHOTHONG','B223','MB08',1220000,0),('G8254','PHOTHONG','B224','MB08',1220000,0),('G8255','PHOTHONG','B225','MB08',1220000,0),('G8256','PHOTHONG','B226','MB08',1220000,0),('G8257','PHOTHONG','B227','MB08',1220000,0),('G8258','PHOTHONG','B228','MB08',1220000,0),('G8259','PHOTHONG','B229','MB08',1220000,0),('G8260','PHOTHONG','B230','MB08',1220000,0),('G8261','PHOTHONG','B231','MB08',1220000,0),('G8262','PHOTHONG','B232','MB08',1220000,0),('G8263','PHOTHONG','B233','MB08',1220000,0),('G8264','PHOTHONG','B234','MB08',1220000,0),('G8265','PHOTHONG','B235','MB08',1220000,0),('G8266','PHOTHONG','B236','MB08',1220000,0),('G8267','PHOTHONG','B237','MB08',1220000,0),('G8268','PHOTHONG','B238','MB08',1220000,0),('G8269','PHOTHONG','B239','MB08',1220000,0),('G8270','PHOTHONG','B240','MB08',1220000,0),('G8271','PHOTHONG','B241','MB08',1220000,0),('G8272','PHOTHONG','B242','MB08',1220000,0),('G8273','PHOTHONG','B243','MB08',1220000,0),('G8274','PHOTHONG','B244','MB08',1220000,0),('G8275','PHOTHONG','B245','MB08',1220000,0),('G8276','PHOTHONG','B246','MB08',1220000,0),('G8277','PHOTHONG','B247','MB08',1220000,0),('G8278','PHOTHONG','B248','MB08',1220000,0),('G8279','PHOTHONG','B249','MB08',1220000,0),('G9000','THUONGGIA','A00','MB09',6340000,0),('G9001','THUONGGIA','A01','MB09',6340000,0),('G9002','THUONGGIA','A02','MB09',6340000,0),('G9003','THUONGGIA','A03','MB09',6340000,0),('G9004','THUONGGIA','A04','MB09',6340000,0),('G9005','THUONGGIA','A05','MB09',6340000,0),('G9006','THUONGGIA','A06','MB09',6340000,0),('G9007','THUONGGIA','A07','MB09',6340000,0),('G9008','THUONGGIA','A08','MB09',6340000,0),('G9009','THUONGGIA','A09','MB09',6340000,0),('G9010','THUONGGIA','A10','MB09',6340000,0),('G9011','THUONGGIA','A11','MB09',6340000,0),('G9012','THUONGGIA','A12','MB09',6340000,0),('G9013','THUONGGIA','A13','MB09',6340000,0),('G9014','THUONGGIA','A14','MB09',6340000,0),('G9015','THUONGGIA','A15','MB09',6340000,0),('G9016','THUONGGIA','A16','MB09',6340000,0),('G9017','THUONGGIA','A17','MB09',6340000,0),('G9018','THUONGGIA','A18','MB09',6340000,0),('G9019','THUONGGIA','A19','MB09',6340000,0),('G9020','THUONGGIA','A20','MB09',6340000,0),('G9021','THUONGGIA','A21','MB09',6340000,0),('G9022','THUONGGIA','A22','MB09',6340000,0),('G9023','THUONGGIA','A23','MB09',6340000,0),('G9024','THUONGGIA','A24','MB09',6340000,0),('G9025','THUONGGIA','A25','MB09',6340000,0),('G9026','THUONGGIA','A26','MB09',6340000,0),('G9027','THUONGGIA','A27','MB09',6340000,0),('G9028','THUONGGIA','A28','MB09',6340000,0),('G9029','THUONGGIA','A29','MB09',6340000,0),('G9030','PHOTHONG','B000','MB09',2010000,0),('G9031','PHOTHONG','B001','MB09',2010000,0),('G9032','PHOTHONG','B002','MB09',2010000,0),('G9033','PHOTHONG','B003','MB09',2010000,0),('G9034','PHOTHONG','B004','MB09',2010000,0),('G9035','PHOTHONG','B005','MB09',2010000,0),('G9036','PHOTHONG','B006','MB09',2010000,0),('G9037','PHOTHONG','B007','MB09',2010000,0),('G9038','PHOTHONG','B008','MB09',2010000,0),('G9039','PHOTHONG','B009','MB09',2010000,0),('G9040','PHOTHONG','B010','MB09',2010000,0),('G9041','PHOTHONG','B011','MB09',2010000,0),('G9042','PHOTHONG','B012','MB09',2010000,0),('G9043','PHOTHONG','B013','MB09',2010000,0),('G9044','PHOTHONG','B014','MB09',2010000,0),('G9045','PHOTHONG','B015','MB09',2010000,0),('G9046','PHOTHONG','B016','MB09',2010000,0),('G9047','PHOTHONG','B017','MB09',2010000,0),('G9048','PHOTHONG','B018','MB09',2010000,0),('G9049','PHOTHONG','B019','MB09',2010000,0),('G9050','PHOTHONG','B020','MB09',2010000,0),('G9051','PHOTHONG','B021','MB09',2010000,0),('G9052','PHOTHONG','B022','MB09',2010000,0),('G9053','PHOTHONG','B023','MB09',2010000,0),('G9054','PHOTHONG','B024','MB09',2010000,0),('G9055','PHOTHONG','B025','MB09',2010000,0),('G9056','PHOTHONG','B026','MB09',2010000,0),('G9057','PHOTHONG','B027','MB09',2010000,0),('G9058','PHOTHONG','B028','MB09',2010000,0),('G9059','PHOTHONG','B029','MB09',2010000,0),('G9060','PHOTHONG','B030','MB09',2010000,0),('G9061','PHOTHONG','B031','MB09',2010000,0),('G9062','PHOTHONG','B032','MB09',2010000,0),('G9063','PHOTHONG','B033','MB09',2010000,0),('G9064','PHOTHONG','B034','MB09',2010000,0),('G9065','PHOTHONG','B035','MB09',2010000,0),('G9066','PHOTHONG','B036','MB09',2010000,0),('G9067','PHOTHONG','B037','MB09',2010000,0),('G9068','PHOTHONG','B038','MB09',2010000,0),('G9069','PHOTHONG','B039','MB09',2010000,0),('G9070','PHOTHONG','B040','MB09',2010000,0),('G9071','PHOTHONG','B041','MB09',2010000,0),('G9072','PHOTHONG','B042','MB09',2010000,0),('G9073','PHOTHONG','B043','MB09',2010000,0),('G9074','PHOTHONG','B044','MB09',2010000,0),('G9075','PHOTHONG','B045','MB09',2010000,0),('G9076','PHOTHONG','B046','MB09',2010000,0),('G9077','PHOTHONG','B047','MB09',2010000,0),('G9078','PHOTHONG','B048','MB09',2010000,0),('G9079','PHOTHONG','B049','MB09',2010000,0),('G9080','PHOTHONG','B050','MB09',2010000,0),('G9081','PHOTHONG','B051','MB09',2010000,0),('G9082','PHOTHONG','B052','MB09',2010000,0),('G9083','PHOTHONG','B053','MB09',2010000,0),('G9084','PHOTHONG','B054','MB09',2010000,0),('G9085','PHOTHONG','B055','MB09',2010000,0),('G9086','PHOTHONG','B056','MB09',2010000,0),('G9087','PHOTHONG','B057','MB09',2010000,0),('G9088','PHOTHONG','B058','MB09',2010000,0),('G9089','PHOTHONG','B059','MB09',2010000,0),('G9090','PHOTHONG','B060','MB09',2010000,0),('G9091','PHOTHONG','B061','MB09',2010000,0),('G9092','PHOTHONG','B062','MB09',2010000,0),('G9093','PHOTHONG','B063','MB09',2010000,0),('G9094','PHOTHONG','B064','MB09',2010000,0),('G9095','PHOTHONG','B065','MB09',2010000,0),('G9096','PHOTHONG','B066','MB09',2010000,0),('G9097','PHOTHONG','B067','MB09',2010000,0),('G9098','PHOTHONG','B068','MB09',2010000,0),('G9099','PHOTHONG','B069','MB09',2010000,0),('G9100','PHOTHONG','B070','MB09',2010000,0),('G9101','PHOTHONG','B071','MB09',2010000,0),('G9102','PHOTHONG','B072','MB09',2010000,0),('G9103','PHOTHONG','B073','MB09',2010000,0),('G9104','PHOTHONG','B074','MB09',2010000,0),('G9105','PHOTHONG','B075','MB09',2010000,0),('G9106','PHOTHONG','B076','MB09',2010000,0),('G9107','PHOTHONG','B077','MB09',2010000,0),('G9108','PHOTHONG','B078','MB09',2010000,0),('G9109','PHOTHONG','B079','MB09',2010000,0),('G9110','PHOTHONG','B080','MB09',2010000,0),('G9111','PHOTHONG','B081','MB09',2010000,0),('G9112','PHOTHONG','B082','MB09',2010000,0),('G9113','PHOTHONG','B083','MB09',2010000,0),('G9114','PHOTHONG','B084','MB09',2010000,0),('G9115','PHOTHONG','B085','MB09',2010000,0),('G9116','PHOTHONG','B086','MB09',2010000,0),('G9117','PHOTHONG','B087','MB09',2010000,0),('G9118','PHOTHONG','B088','MB09',2010000,0),('G9119','PHOTHONG','B089','MB09',2010000,0),('G9120','PHOTHONG','B090','MB09',2010000,0),('G9121','PHOTHONG','B091','MB09',2010000,0),('G9122','PHOTHONG','B092','MB09',2010000,0),('G9123','PHOTHONG','B093','MB09',2010000,0),('G9124','PHOTHONG','B094','MB09',2010000,0),('G9125','PHOTHONG','B095','MB09',2010000,0),('G9126','PHOTHONG','B096','MB09',2010000,0),('G9127','PHOTHONG','B097','MB09',2010000,0),('G9128','PHOTHONG','B098','MB09',2010000,0),('G9129','PHOTHONG','B099','MB09',2010000,0),('G9130','PHOTHONG','B100','MB09',2010000,0),('G9131','PHOTHONG','B101','MB09',2010000,0),('G9132','PHOTHONG','B102','MB09',2010000,0),('G9133','PHOTHONG','B103','MB09',2010000,0),('G9134','PHOTHONG','B104','MB09',2010000,0),('G9135','PHOTHONG','B105','MB09',2010000,0),('G9136','PHOTHONG','B106','MB09',2010000,0),('G9137','PHOTHONG','B107','MB09',2010000,0),('G9138','PHOTHONG','B108','MB09',2010000,0),('G9139','PHOTHONG','B109','MB09',2010000,0),('G9140','PHOTHONG','B110','MB09',2010000,0),('G9141','PHOTHONG','B111','MB09',2010000,0),('G9142','PHOTHONG','B112','MB09',2010000,0),('G9143','PHOTHONG','B113','MB09',2010000,0),('G9144','PHOTHONG','B114','MB09',2010000,0),('G9145','PHOTHONG','B115','MB09',2010000,0),('G9146','PHOTHONG','B116','MB09',2010000,0),('G9147','PHOTHONG','B117','MB09',2010000,0),('G9148','PHOTHONG','B118','MB09',2010000,0),('G9149','PHOTHONG','B119','MB09',2010000,0),('G9150','PHOTHONG','B120','MB09',2010000,0),('G9151','PHOTHONG','B121','MB09',2010000,0),('G9152','PHOTHONG','B122','MB09',2010000,0),('G9153','PHOTHONG','B123','MB09',2010000,0),('G9154','PHOTHONG','B124','MB09',2010000,0),('G9155','PHOTHONG','B125','MB09',2010000,0),('G9156','PHOTHONG','B126','MB09',2010000,0),('G9157','PHOTHONG','B127','MB09',2010000,0),('G9158','PHOTHONG','B128','MB09',2010000,0),('G9159','PHOTHONG','B129','MB09',2010000,0),('G9160','PHOTHONG','B130','MB09',2010000,0),('G9161','PHOTHONG','B131','MB09',2010000,0),('G9162','PHOTHONG','B132','MB09',2010000,0),('G9163','PHOTHONG','B133','MB09',2010000,0),('G9164','PHOTHONG','B134','MB09',2010000,0),('G9165','PHOTHONG','B135','MB09',2010000,0),('G9166','PHOTHONG','B136','MB09',2010000,0),('G9167','PHOTHONG','B137','MB09',2010000,0),('G9168','PHOTHONG','B138','MB09',2010000,0),('G9169','PHOTHONG','B139','MB09',2010000,0),('G9170','PHOTHONG','B140','MB09',2010000,0),('G9171','PHOTHONG','B141','MB09',2010000,0),('G9172','PHOTHONG','B142','MB09',2010000,0),('G9173','PHOTHONG','B143','MB09',2010000,0),('G9174','PHOTHONG','B144','MB09',2010000,0),('G9175','PHOTHONG','B145','MB09',2010000,0),('G9176','PHOTHONG','B146','MB09',2010000,0),('G9177','PHOTHONG','B147','MB09',2010000,0),('G9178','PHOTHONG','B148','MB09',2010000,0),('G9179','PHOTHONG','B149','MB09',2010000,0),('G9180','PHOTHONG','B150','MB09',2010000,0),('G9181','PHOTHONG','B151','MB09',2010000,0),('G9182','PHOTHONG','B152','MB09',2010000,0),('G9183','PHOTHONG','B153','MB09',2010000,0),('G9184','PHOTHONG','B154','MB09',2010000,0),('G9185','PHOTHONG','B155','MB09',2010000,0),('G9186','PHOTHONG','B156','MB09',2010000,0),('G9187','PHOTHONG','B157','MB09',2010000,0),('G9188','PHOTHONG','B158','MB09',2010000,0),('G9189','PHOTHONG','B159','MB09',2010000,0),('G9190','PHOTHONG','B160','MB09',2010000,0),('G9191','PHOTHONG','B161','MB09',2010000,0),('G9192','PHOTHONG','B162','MB09',2010000,0),('G9193','PHOTHONG','B163','MB09',2010000,0),('G9194','PHOTHONG','B164','MB09',2010000,0),('G9195','PHOTHONG','B165','MB09',2010000,0),('G9196','PHOTHONG','B166','MB09',2010000,0),('G9197','PHOTHONG','B167','MB09',2010000,0),('G9198','PHOTHONG','B168','MB09',2010000,0),('G9199','PHOTHONG','B169','MB09',2010000,0),('G9200','PHOTHONG','B170','MB09',2010000,0),('G9201','PHOTHONG','B171','MB09',2010000,0),('G9202','PHOTHONG','B172','MB09',2010000,0),('G9203','PHOTHONG','B173','MB09',2010000,0),('G9204','PHOTHONG','B174','MB09',2010000,0),('G9205','PHOTHONG','B175','MB09',2010000,0),('G9206','PHOTHONG','B176','MB09',2010000,0),('G9207','PHOTHONG','B177','MB09',2010000,0),('G9208','PHOTHONG','B178','MB09',2010000,0),('G9209','PHOTHONG','B179','MB09',2010000,0),('G9210','PHOTHONG','B180','MB09',2010000,0),('G9211','PHOTHONG','B181','MB09',2010000,0),('G9212','PHOTHONG','B182','MB09',2010000,0),('G9213','PHOTHONG','B183','MB09',2010000,0),('G9214','PHOTHONG','B184','MB09',2010000,0),('G9215','PHOTHONG','B185','MB09',2010000,0),('G9216','PHOTHONG','B186','MB09',2010000,0),('G9217','PHOTHONG','B187','MB09',2010000,0),('G9218','PHOTHONG','B188','MB09',2010000,0),('G9219','PHOTHONG','B189','MB09',2010000,0),('G9220','PHOTHONG','B190','MB09',2010000,0),('G9221','PHOTHONG','B191','MB09',2010000,0),('G9222','PHOTHONG','B192','MB09',2010000,0),('G9223','PHOTHONG','B193','MB09',2010000,0),('G9224','PHOTHONG','B194','MB09',2010000,0),('G9225','PHOTHONG','B195','MB09',2010000,0),('G9226','PHOTHONG','B196','MB09',2010000,0),('G9227','PHOTHONG','B197','MB09',2010000,0),('G9228','PHOTHONG','B198','MB09',2010000,0),('G9229','PHOTHONG','B199','MB09',2010000,0),('G9230','PHOTHONG','B200','MB09',2010000,0),('G9231','PHOTHONG','B201','MB09',2010000,0),('G9232','PHOTHONG','B202','MB09',2010000,0),('G9233','PHOTHONG','B203','MB09',2010000,0),('G9234','PHOTHONG','B204','MB09',2010000,0),('G9235','PHOTHONG','B205','MB09',2010000,0),('G9236','PHOTHONG','B206','MB09',2010000,0),('G9237','PHOTHONG','B207','MB09',2010000,0),('G9238','PHOTHONG','B208','MB09',2010000,0),('G9239','PHOTHONG','B209','MB09',2010000,0),('G9240','PHOTHONG','B210','MB09',2010000,0),('G9241','PHOTHONG','B211','MB09',2010000,0),('G9242','PHOTHONG','B212','MB09',2010000,0),('G9243','PHOTHONG','B213','MB09',2010000,0),('G9244','PHOTHONG','B214','MB09',2010000,0),('G9245','PHOTHONG','B215','MB09',2010000,0),('G9246','PHOTHONG','B216','MB09',2010000,0),('G9247','PHOTHONG','B217','MB09',2010000,0),('G9248','PHOTHONG','B218','MB09',2010000,0),('G9249','PHOTHONG','B219','MB09',2010000,0),('G9250','PHOTHONG','B220','MB09',2010000,0),('G9251','PHOTHONG','B221','MB09',2010000,0),('G9252','PHOTHONG','B222','MB09',2010000,0),('G9253','PHOTHONG','B223','MB09',2010000,0),('G9254','PHOTHONG','B224','MB09',2010000,0),('G9255','PHOTHONG','B225','MB09',2010000,0),('G9256','PHOTHONG','B226','MB09',2010000,0),('G9257','PHOTHONG','B227','MB09',2010000,0),('G9258','PHOTHONG','B228','MB09',2010000,0),('G9259','PHOTHONG','B229','MB09',2010000,0),('G9260','PHOTHONG','B230','MB09',2010000,0),('G9261','PHOTHONG','B231','MB09',2010000,0),('G9262','PHOTHONG','B232','MB09',2010000,0),('G9263','PHOTHONG','B233','MB09',2010000,0),('G9264','PHOTHONG','B234','MB09',2010000,0),('G9265','PHOTHONG','B235','MB09',2010000,0),('G9266','PHOTHONG','B236','MB09',2010000,0),('G9267','PHOTHONG','B237','MB09',2010000,0),('G9268','PHOTHONG','B238','MB09',2010000,0),('G9269','PHOTHONG','B239','MB09',2010000,0),('G9270','PHOTHONG','B240','MB09',2010000,0),('G9271','PHOTHONG','B241','MB09',2010000,0),('G9272','PHOTHONG','B242','MB09',2010000,0),('G9273','PHOTHONG','B243','MB09',2010000,0),('G9274','PHOTHONG','B244','MB09',2010000,0),('G9275','PHOTHONG','B245','MB09',2010000,0),('G9276','PHOTHONG','B246','MB09',2010000,0),('G9277','PHOTHONG','B247','MB09',2010000,0),('G9278','PHOTHONG','B248','MB09',2010000,0),('G9279','PHOTHONG','B249','MB09',2010000,0);
/*!40000 ALTER TABLE `ghe` ENABLE KEYS */;
UNLOCK TABLES;

--
-- Table structure for table `hangmaybay`
--

DROP TABLE IF EXISTS `hangmaybay`;
/*!40101 SET @saved_cs_client     = @@character_set_client */;
/*!50503 SET character_set_client = utf8mb4 */;
CREATE TABLE `hangmaybay` (
  `so_hieu_hangmb` varchar(10) NOT NULL,
  `ten_hang` varchar(50) NOT NULL,
  `lo_go` varchar(300) DEFAULT NULL,
  PRIMARY KEY (`so_hieu_hangmb`)
) ENGINE=InnoDB DEFAULT CHARSET=utf8mb4 COLLATE=utf8mb4_0900_ai_ci;
/*!40101 SET character_set_client = @saved_cs_client */;

--
-- Dumping data for table `hangmaybay`
--

LOCK TABLES `hangmaybay` WRITE;
/*!40000 ALTER TABLE `hangmaybay` DISABLE KEYS */;
INSERT INTO `hangmaybay` VALUES ('BBA','BamBoo Airway','https://res.cloudinary.com/dohsfqs6d/image/upload/v1731674421/logo-bamboo-airways-inkythuatso-13-16-26-24_c8v2t5.jpg'),('VJA','Vietjet Air','https://res.cloudinary.com/dohsfqs6d/image/upload/v1731674371/Logo-vietjet_fudwhu.jpg'),('VNA','VietNam Airline','https://res.cloudinary.com/dohsfqs6d/image/upload/v1731674530/Logo-VNA-Sky-Te-Bl-V_yba1bk.webp');
/*!40000 ALTER TABLE `hangmaybay` ENABLE KEYS */;
UNLOCK TABLES;

--
-- Table structure for table `hanhly`
--

DROP TABLE IF EXISTS `hanhly`;
/*!40101 SET @saved_cs_client     = @@character_set_client */;
/*!50503 SET character_set_client = utf8mb4 */;
CREATE TABLE `hanhly` (
  `ma_HL` varchar(10) NOT NULL,
  `loai_HL` varchar(20) DEFAULT NULL,
  `trong_luong` int NOT NULL,
  `chi_phi` float NOT NULL,
  PRIMARY KEY (`ma_HL`)
) ENGINE=InnoDB DEFAULT CHARSET=utf8mb4 COLLATE=utf8mb4_0900_ai_ci;
/*!40101 SET character_set_client = @saved_cs_client */;

--
-- Dumping data for table `hanhly`
--

LOCK TABLES `hanhly` WRITE;
/*!40000 ALTER TABLE `hanhly` DISABLE KEYS */;
INSERT INTO `hanhly` VALUES ('HL1ZXUF','Ký gửi',32,436000),('HLAC4HF','Ký gửi',23,273000),('HLE32QD','Ký gửi',15,200000),('HLFT3S4','Ký gửi',23,273000),('HLI5R38','Ký gửi',15,200000),('HLIZJ1M','Ký gửi',23,273000),('HLO1PPQ','Ký gửi',32,436000),('HLPZ1AZ','Ký gửi',15,200000),('HLSUDSN','Ký gửi',15,200000),('HLTQ7IB','Ký gửi',23,273000),('HLU2DIM','Ký gửi',23,273000),('HLU8YNH','Ký gửi',23,273000),('HLUMPXL','Ký gửi',23,273000),('HLVEWRE','Ký gửi',15,200000),('HLXOWMG','Ký gửi',15,200000);
/*!40000 ALTER TABLE `hanhly` ENABLE KEYS */;
UNLOCK TABLES;

--
-- Table structure for table `khachhang`
--

DROP TABLE IF EXISTS `khachhang`;
/*!40101 SET @saved_cs_client     = @@character_set_client */;
/*!50503 SET character_set_client = utf8mb4 */;
CREATE TABLE `khachhang` (
  `id` int NOT NULL,
  `hang_thanh_vien` enum('BAC','VANG','KIMCUONG') NOT NULL,
  PRIMARY KEY (`id`),
  CONSTRAINT `khachhang_ibfk_1` FOREIGN KEY (`id`) REFERENCES `nguoidung` (`id`)
) ENGINE=InnoDB DEFAULT CHARSET=utf8mb4 COLLATE=utf8mb4_0900_ai_ci;
/*!40101 SET character_set_client = @saved_cs_client */;

--
-- Dumping data for table `khachhang`
--

LOCK TABLES `khachhang` WRITE;
/*!40000 ALTER TABLE `khachhang` DISABLE KEYS */;
INSERT INTO `khachhang` VALUES (6,'BAC'),(7,'BAC'),(8,'BAC'),(9,'BAC'),(10,'BAC'),(12,'BAC'),(13,'BAC'),(14,'BAC'),(15,'BAC'),(16,'BAC'),(64,'BAC'),(80,'BAC');
/*!40000 ALTER TABLE `khachhang` ENABLE KEYS */;
UNLOCK TABLES;

--
-- Table structure for table `khuvuc`
--

DROP TABLE IF EXISTS `khuvuc`;
/*!40101 SET @saved_cs_client     = @@character_set_client */;
/*!50503 SET character_set_client = utf8mb4 */;
CREATE TABLE `khuvuc` (
  `ma_khu_vuc` varchar(10) NOT NULL,
  `ten_khu_vuc` varchar(50) NOT NULL,
  PRIMARY KEY (`ma_khu_vuc`)
) ENGINE=InnoDB DEFAULT CHARSET=utf8mb4 COLLATE=utf8mb4_0900_ai_ci;
/*!40101 SET character_set_client = @saved_cs_client */;

--
-- Dumping data for table `khuvuc`
--

LOCK TABLES `khuvuc` WRITE;
/*!40000 ALTER TABLE `khuvuc` DISABLE KEYS */;
INSERT INTO `khuvuc` VALUES ('SEA','ASEAN');
/*!40000 ALTER TABLE `khuvuc` ENABLE KEYS */;
UNLOCK TABLES;

--
-- Table structure for table `khuyenmai`
--

DROP TABLE IF EXISTS `khuyenmai`;
/*!40101 SET @saved_cs_client     = @@character_set_client */;
/*!50503 SET character_set_client = utf8mb4 */;
CREATE TABLE `khuyenmai` (
  `ma_KM` varchar(10) NOT NULL,
  `mo_ta` varchar(50) DEFAULT NULL,
  `ty_le_giam` float NOT NULL,
  `ngay_bat_dau` date NOT NULL,
  `ngay_ket_thuc` date NOT NULL,
  PRIMARY KEY (`ma_KM`)
) ENGINE=InnoDB DEFAULT CHARSET=utf8mb4 COLLATE=utf8mb4_0900_ai_ci;
/*!40101 SET character_set_client = @saved_cs_client */;

--
-- Dumping data for table `khuyenmai`
--

LOCK TABLES `khuyenmai` WRITE;
/*!40000 ALTER TABLE `khuyenmai` DISABLE KEYS */;
INSERT INTO `khuyenmai` VALUES ('KM01','Giảm 10% tổng giá trị',0.2,'2024-12-10','2024-12-30'),('KM02','Giảm 15% tổng giá trị',0.1,'2025-01-01','2025-10-01');
/*!40000 ALTER TABLE `khuyenmai` ENABLE KEYS */;
UNLOCK TABLES;

--
-- Table structure for table `lichbay`
--

DROP TABLE IF EXISTS `lichbay`;
/*!40101 SET @saved_cs_client     = @@character_set_client */;
/*!50503 SET character_set_client = utf8mb4 */;
CREATE TABLE `lichbay` (
  `ma_LB` varchar(10) NOT NULL,
  `ngay_lap_lich` date DEFAULT NULL,
  PRIMARY KEY (`ma_LB`)
) ENGINE=InnoDB DEFAULT CHARSET=utf8mb4 COLLATE=utf8mb4_0900_ai_ci;
/*!40101 SET character_set_client = @saved_cs_client */;

--
-- Dumping data for table `lichbay`
--

LOCK TABLES `lichbay` WRITE;
/*!40000 ALTER TABLE `lichbay` DISABLE KEYS */;
INSERT INTO `lichbay` VALUES ('LB01','2024-11-24'),('LB02','2024-11-30');
/*!40000 ALTER TABLE `lichbay` ENABLE KEYS */;
UNLOCK TABLES;

--
-- Table structure for table `maybay`
--

DROP TABLE IF EXISTS `maybay`;
/*!40101 SET @saved_cs_client     = @@character_set_client */;
/*!50503 SET character_set_client = utf8mb4 */;
CREATE TABLE `maybay` (
  `so_hieu_mb` varchar(10) NOT NULL,
  `hang_may_bay_ID` varchar(10) NOT NULL,
  PRIMARY KEY (`so_hieu_mb`),
  KEY `hang_may_bay_ID` (`hang_may_bay_ID`),
  CONSTRAINT `maybay_ibfk_1` FOREIGN KEY (`hang_may_bay_ID`) REFERENCES `hangmaybay` (`so_hieu_hangmb`)
) ENGINE=InnoDB DEFAULT CHARSET=utf8mb4 COLLATE=utf8mb4_0900_ai_ci;
/*!40101 SET character_set_client = @saved_cs_client */;

--
-- Dumping data for table `maybay`
--

LOCK TABLES `maybay` WRITE;
/*!40000 ALTER TABLE `maybay` DISABLE KEYS */;
INSERT INTO `maybay` VALUES ('MB04','BBA'),('MB06','BBA'),('MB08','BBA'),('MB01','VJA'),('MB010','VJA'),('MB011','VJA'),('MB02','VJA'),('MB05','VJA'),('MB03','VNA'),('MB07','VNA'),('MB09','VNA');
/*!40000 ALTER TABLE `maybay` ENABLE KEYS */;
UNLOCK TABLES;

--
-- Table structure for table `nguoidung`
--

DROP TABLE IF EXISTS `nguoidung`;
/*!40101 SET @saved_cs_client     = @@character_set_client */;
/*!50503 SET character_set_client = utf8mb4 */;
CREATE TABLE `nguoidung` (
  `id` int NOT NULL AUTO_INCREMENT,
  `fname` varchar(50) NOT NULL,
  `lname` varchar(50) NOT NULL,
  `dia_chi` varchar(200) DEFAULT NULL,
  `email` varchar(100) NOT NULL,
  `so_dien_thoai` varchar(15) DEFAULT NULL,
  `ngay_sinh` date DEFAULT NULL,
  `so_CCCD` varchar(20) DEFAULT NULL,
  PRIMARY KEY (`id`)
) ENGINE=InnoDB AUTO_INCREMENT=86 DEFAULT CHARSET=utf8mb4 COLLATE=utf8mb4_0900_ai_ci;
/*!40101 SET character_set_client = @saved_cs_client */;

--
-- Dumping data for table `nguoidung`
--

LOCK TABLES `nguoidung` WRITE;
/*!40000 ALTER TABLE `nguoidung` DISABLE KEYS */;
INSERT INTO `nguoidung` VALUES (6,'Mạnh','Cường Nguyễn',NULL,'nmanhcuong9a3@gmail.com',NULL,NULL,NULL),(7,'Mạnh','Cường Nguyễn',NULL,'nguyenmanhc261@gmail.com',NULL,NULL,NULL),(8,'Cường','Nguyễn Mạnh',NULL,'2251052008cuong@ou.edu.vn',NULL,NULL,NULL),(9,'Thân','Châu Văn',NULL,'thanchau.100100@gmail.com',NULL,NULL,NULL),(10,'Cường','Nguyễn Mạnh ','92a Quang Trung, Hiệp Phú, Thủ Đức ','catv2004@gmail.com','0327650522','2004-02-20','052204006471'),(11,'Dân','Lê Thanh',NULL,'dan@gmail.com',NULL,NULL,NULL),(12,'Di','Trần',NULL,'di@gmail.com',NULL,NULL,NULL),(13,'Tuyền','Lâm ',NULL,'tuyen@gmail.com',NULL,NULL,NULL),(14,'b','a',NULL,'nguyenmanhc261@gmail.com',NULL,NULL,NULL),(15,'n','n',NULL,'nmanhcuong9a3@gmail.com',NULL,NULL,NULL),(16,'d','á',NULL,'nguyenmanhc261@gmail.com',NULL,NULL,NULL),(59,'Cường','Nguyễn Mạnh ',NULL,'nguyenmanhc261@gmail.com','0327650566','2006-11-19','052204006471'),(60,'Anh','Lê Tuấn',NULL,'khangnguyen@gmail.com','0567894566','2006-12-20','056602006478'),(61,'Cường','Nguyễn Mạnh ',NULL,'nguyenmanhc261@gmail.com','0327650566','2004-12-21','052204006471'),(63,'CUONG','NGUYENMANH',NULL,'adminpro@gmail.com',NULL,NULL,NULL),(64,'Duy','trần anh',NULL,'a@gmail.com',NULL,NULL,NULL),(65,'Cường','Nguyễn Mạnh ',NULL,'nguyenmanhc261@gmail.com','0327650566','2004-12-21','052204006471'),(66,'Hữu','Lê Tuấn',NULL,'bichHuu123@gmail.com','0359856255','2005-12-19','056602006478'),(67,'Trì','Nguyễn Mạnh ',NULL,'chautinhtri12@gmail.com','0327650566','2006-12-21','052204006471'),(68,'Anh','Lê Tuấn',NULL,'khangnguyen@gmail.com','0567894566','2005-12-19','056602006478'),(69,'Tùng','Nguyễn Thanh',NULL,'tungpt@gmail.com','0327985655','1973-01-01','052207898564'),(70,'Hùng','Nguyễn Văn ',NULL,'hungvan@gmail.com','0397888753','1963-12-19','056689556478'),(71,'Cường','Nguyễn Mạnh ',NULL,'nguyenmanhc261@gmail.com','0327650566','1950-08-30','052204006471'),(72,'Trịnh','Cường',NULL,'vcuong@gmail.com',NULL,NULL,NULL),(73,'Nguyễn','Nhi',NULL,'nhi@admin.com',NULL,NULL,NULL),(74,'Trì','Nguyễn Mạnh ',NULL,'nguyenmanhc261@gmail.com','0327562144','2005-12-21','064486226574'),(75,'Hữu','Lê Tuấn',NULL,'bichHuu123@gmail.com','0397888753','2005-11-20','056602006478'),(76,'bhs','Nguyễn Mạnh ',NULL,'nguyenmanhc261@gmail.com','0327650566','2009-09-20','052204006471'),(77,'Trì','Châu Tinh',NULL,'chautinhtri12@gmail.com','0327650566','2011-01-16','064486226574'),(78,'Anh','Phan Bích',NULL,'hungvan@gmail.com','0359856255','1965-10-20','056602006478'),(79,'hẻo','Nguyễn Mạnh ',NULL,'nguyenmanhc261@gmail.com','0327650566','2006-11-19','052204006471'),(80,'Công','Đinh Văn',NULL,'cong@gmail.com',NULL,NULL,NULL),(81,'Cường','Châu Tinh',NULL,'nguyenmanhc261@gmail.com','0327650566','2008-11-20','064486226574'),(82,'Trì','Châu Tinh',NULL,'nguyenmanhc261@gmail.com','0327562144','2005-11-21','052204006471'),(83,'Hữu','Lê Tuấn',NULL,'bichHuu123@gmail.com','0567894566','2006-11-21','056602006478'),(84,'Cường','Nguyễn Thanh',NULL,'nguyenmanhc261@gmail.com','0327650566','2006-11-18','064486226574'),(85,'Hữu','Lê Tuấn',NULL,'khangnguyen@gmail.com','0567894566','2005-11-18','056602006478');
/*!40000 ALTER TABLE `nguoidung` ENABLE KEYS */;
UNLOCK TABLES;

--
-- Table structure for table `nhanvien`
--

DROP TABLE IF EXISTS `nhanvien`;
/*!40101 SET @saved_cs_client     = @@character_set_client */;
/*!50503 SET character_set_client = utf8mb4 */;
CREATE TABLE `nhanvien` (
  `id` int NOT NULL,
  `luong` float NOT NULL,
  `ngay_vao_lam` date NOT NULL,
  `ghi_chu` varchar(200) DEFAULT NULL,
  PRIMARY KEY (`id`),
  CONSTRAINT `nhanvien_ibfk_1` FOREIGN KEY (`id`) REFERENCES `nguoidung` (`id`)
) ENGINE=InnoDB DEFAULT CHARSET=utf8mb4 COLLATE=utf8mb4_0900_ai_ci;
/*!40101 SET character_set_client = @saved_cs_client */;

--
-- Dumping data for table `nhanvien`
--

LOCK TABLES `nhanvien` WRITE;
/*!40000 ALTER TABLE `nhanvien` DISABLE KEYS */;
INSERT INTO `nhanvien` VALUES (11,1000,'2024-12-16',NULL),(72,20000000,'2024-12-20','');
/*!40000 ALTER TABLE `nhanvien` ENABLE KEYS */;
UNLOCK TABLES;

--
-- Table structure for table `quydinh`
--

DROP TABLE IF EXISTS `quydinh`;
/*!40101 SET @saved_cs_client     = @@character_set_client */;
/*!50503 SET character_set_client = utf8mb4 */;
CREATE TABLE `quydinh` (
  `ma_QD` varchar(10) NOT NULL,
  `noi_dung` varchar(255) DEFAULT NULL,
  `value` int NOT NULL,
  PRIMARY KEY (`ma_QD`)
) ENGINE=InnoDB DEFAULT CHARSET=utf8mb4 COLLATE=utf8mb4_0900_ai_ci;
/*!40101 SET character_set_client = @saved_cs_client */;

--
-- Dumping data for table `quydinh`
--

LOCK TABLES `quydinh` WRITE;
/*!40000 ALTER TABLE `quydinh` DISABLE KEYS */;
INSERT INTO `quydinh` VALUES ('QD00001','Chỉ đặt cho các chuyến bay trước 12h lúc khởi hành',12),('QD00002','Chỉ bán vé còn chổ và bán vé cho các chuyến bay trước 4h trước khi chuyến bay khới hành',4);
/*!40000 ALTER TABLE `quydinh` ENABLE KEYS */;
UNLOCK TABLES;

--
-- Table structure for table `sanbay`
--

DROP TABLE IF EXISTS `sanbay`;
/*!40101 SET @saved_cs_client     = @@character_set_client */;
/*!50503 SET character_set_client = utf8mb4 */;
CREATE TABLE `sanbay` (
  `ma_san_bay` varchar(10) NOT NULL,
  `ten_san_bay` varchar(50) NOT NULL,
  `dia_diem` varchar(50) NOT NULL,
  `ma_khu_vuc` varchar(10) DEFAULT NULL,
  PRIMARY KEY (`ma_san_bay`),
  KEY `fk_maKhuVuc` (`ma_khu_vuc`),
  CONSTRAINT `fk_maKhuVuc` FOREIGN KEY (`ma_khu_vuc`) REFERENCES `khuvuc` (`ma_khu_vuc`) ON DELETE SET NULL ON UPDATE CASCADE
) ENGINE=InnoDB DEFAULT CHARSET=utf8mb4 COLLATE=utf8mb4_0900_ai_ci;
/*!40101 SET character_set_client = @saved_cs_client */;

--
-- Dumping data for table `sanbay`
--

LOCK TABLES `sanbay` WRITE;
/*!40000 ALTER TABLE `sanbay` DISABLE KEYS */;
INSERT INTO `sanbay` VALUES ('BMV','Buôn Ma Thuộc','Dak Lak','SEA'),('CXR','Cam Ranh','Khanh Hoa','SEA'),('DAN','Đà Nẵng','Da Nang','SEA'),('HAN','Nội Bài','TP.Ha Noi','SEA'),('PXU','Pleiku','Gia Lai','SEA'),('SGN','Tân Sơn Nhất','TP.HCM','SEA'),('UIH','Phù Cát','Binh Dinh','SEA');
/*!40000 ALTER TABLE `sanbay` ENABLE KEYS */;
UNLOCK TABLES;

--
-- Table structure for table `sanbaytrunggian`
--

DROP TABLE IF EXISTS `sanbaytrunggian`;
/*!40101 SET @saved_cs_client     = @@character_set_client */;
/*!50503 SET character_set_client = utf8mb4 */;
CREATE TABLE `sanbaytrunggian` (
  `ma_san_bay` varchar(10) NOT NULL,
  `ma_tuyen_bay` varchar(10) NOT NULL,
  `thu_tu` int NOT NULL,
  `ghi_chu` varchar(200) DEFAULT NULL,
  `thoi_gian_dung_chan` datetime DEFAULT NULL,
  `thoi_gian_tiep_tuc` datetime DEFAULT NULL,
  `ma_chuyen_bay` varchar(10) NOT NULL,
  PRIMARY KEY (`ma_san_bay`,`ma_tuyen_bay`,`ma_chuyen_bay`),
  KEY `ma_tuyen_bay` (`ma_tuyen_bay`),
  KEY `FK_SanBayTrungGian_ChuyenBay` (`ma_chuyen_bay`),
  CONSTRAINT `FK_SanBayTrungGian_ChuyenBay` FOREIGN KEY (`ma_chuyen_bay`) REFERENCES `chuyenbay` (`ma_chuyen_bay`) ON DELETE CASCADE ON UPDATE CASCADE,
  CONSTRAINT `sanbaytrunggian_ibfk_1` FOREIGN KEY (`ma_san_bay`) REFERENCES `sanbay` (`ma_san_bay`),
  CONSTRAINT `sanbaytrunggian_ibfk_2` FOREIGN KEY (`ma_tuyen_bay`) REFERENCES `tuyenbay` (`ma_tuyen_bay`)
) ENGINE=InnoDB DEFAULT CHARSET=utf8mb4 COLLATE=utf8mb4_0900_ai_ci;
/*!40101 SET character_set_client = @saved_cs_client */;

--
-- Dumping data for table `sanbaytrunggian`
--

LOCK TABLES `sanbaytrunggian` WRITE;
/*!40000 ALTER TABLE `sanbaytrunggian` DISABLE KEYS */;
INSERT INTO `sanbaytrunggian` VALUES ('CXR','TB5947',1,NULL,'2024-12-30 17:00:00','2024-12-30 18:00:00','CB01'),('PXU','TB3047',2,NULL,'2024-12-25 17:45:00','2024-12-25 18:05:00','CB05'),('PXU','TB5947',1,NULL,'2024-12-30 17:30:00','2024-12-30 18:30:00','CB05'),('UIH','TB3047',1,NULL,'2024-12-25 16:15:00','2024-12-25 16:45:00','CB11');
/*!40000 ALTER TABLE `sanbaytrunggian` ENABLE KEYS */;
UNLOCK TABLES;

--
-- Table structure for table `taikhoan`
--

DROP TABLE IF EXISTS `taikhoan`;
/*!40101 SET @saved_cs_client     = @@character_set_client */;
/*!50503 SET character_set_client = utf8mb4 */;
CREATE TABLE `taikhoan` (
  `id` int NOT NULL AUTO_INCREMENT,
  `ten_dang_nhap` varchar(50) NOT NULL,
  `mat_khau` varchar(100) NOT NULL,
  `nguoi_dung_id` int DEFAULT NULL,
  `trang_thai` tinyint(1) DEFAULT NULL,
  `vai_tro` enum('ADMIN','USER','EMPLOYEE') NOT NULL,
  PRIMARY KEY (`id`),
  UNIQUE KEY `ten_dang_nhap` (`ten_dang_nhap`),
  KEY `fk_taikhoan_nguoidung` (`nguoi_dung_id`),
  CONSTRAINT `fk_taikhoan_nguoidung` FOREIGN KEY (`nguoi_dung_id`) REFERENCES `nguoidung` (`id`)
) ENGINE=InnoDB AUTO_INCREMENT=23 DEFAULT CHARSET=utf8mb4 COLLATE=utf8mb4_0900_ai_ci;
/*!40101 SET character_set_client = @saved_cs_client */;

--
-- Dumping data for table `taikhoan`
--

LOCK TABLES `taikhoan` WRITE;
/*!40000 ALTER TABLE `taikhoan` DISABLE KEYS */;
INSERT INTO `taikhoan` VALUES (6,'nmanhcuong9a3@gmail.com','',6,1,'USER'),(7,'nguyenmanhc261@gmail.com','',7,1,'USER'),(8,'2251052008cuong@ou.edu.vn','',8,1,'USER'),(9,'thanchau.100100@gmail.com','',9,1,'USER'),(10,'catv2004','c4ca4238a0b923820dcc509a6f75849b',10,1,'USER'),(11,'dan','c4ca4238a0b923820dcc509a6f75849b',11,1,'EMPLOYEE'),(12,'maidi','c4ca4238a0b923820dcc509a6f75849b',12,1,'USER'),(13,'tuyen01','c4ca4238a0b923820dcc509a6f75849b',13,1,'USER'),(14,'a','c4ca4238a0b923820dcc509a6f75849b',14,1,'USER'),(15,'n','c4ca4238a0b923820dcc509a6f75849b',15,1,'USER'),(16,'d','c4ca4238a0b923820dcc509a6f75849b',16,1,'USER'),(18,'adminpro','c4ca4238a0b923820dcc509a6f75849b',63,1,'ADMIN'),(19,'duyanh','c4ca4238a0b923820dcc509a6f75849b',64,1,'USER'),(20,'vcuong','c4ca4238a0b923820dcc509a6f75849b',72,1,'EMPLOYEE'),(21,'nhiadmin','c4ca4238a0b923820dcc509a6f75849b',73,1,'ADMIN'),(22,'cong','c4ca4238a0b923820dcc509a6f75849b',80,1,'USER');
/*!40000 ALTER TABLE `taikhoan` ENABLE KEYS */;
UNLOCK TABLES;

--
-- Table structure for table `thanhtoan`
--

DROP TABLE IF EXISTS `thanhtoan`;
/*!40101 SET @saved_cs_client     = @@character_set_client */;
/*!50503 SET character_set_client = utf8mb4 */;
CREATE TABLE `thanhtoan` (
  `ma_TT` varchar(10) NOT NULL,
  `ma_DH` varchar(10) NOT NULL,
  `phuong_thuc` varchar(50) DEFAULT NULL,
  `so_tien` float NOT NULL,
  `ngay_TT` datetime DEFAULT NULL,
  PRIMARY KEY (`ma_TT`,`ma_DH`,`so_tien`),
  KEY `ma_DH` (`ma_DH`),
  CONSTRAINT `thanhtoan_ibfk_1` FOREIGN KEY (`ma_DH`) REFERENCES `donhang` (`ma_DH`)
) ENGINE=InnoDB DEFAULT CHARSET=utf8mb4 COLLATE=utf8mb4_0900_ai_ci;
/*!40101 SET character_set_client = @saved_cs_client */;

--
-- Dumping data for table `thanhtoan`
--

LOCK TABLES `thanhtoan` WRITE;
/*!40000 ALTER TABLE `thanhtoan` DISABLE KEYS */;
/*!40000 ALTER TABLE `thanhtoan` ENABLE KEYS */;
UNLOCK TABLES;

--
-- Table structure for table `tuyenbay`
--

DROP TABLE IF EXISTS `tuyenbay`;
/*!40101 SET @saved_cs_client     = @@character_set_client */;
/*!50503 SET character_set_client = utf8mb4 */;
CREATE TABLE `tuyenbay` (
  `ma_tuyen_bay` varchar(10) NOT NULL,
  `san_bay_den` varchar(10) NOT NULL,
  `san_bay_di` varchar(10) NOT NULL,
  PRIMARY KEY (`ma_tuyen_bay`),
  KEY `san_bay_den` (`san_bay_den`),
  KEY `san_bay_di` (`san_bay_di`),
  CONSTRAINT `tuyenbay_ibfk_1` FOREIGN KEY (`san_bay_den`) REFERENCES `sanbay` (`ma_san_bay`),
  CONSTRAINT `tuyenbay_ibfk_2` FOREIGN KEY (`san_bay_di`) REFERENCES `sanbay` (`ma_san_bay`)
) ENGINE=InnoDB DEFAULT CHARSET=utf8mb4 COLLATE=utf8mb4_0900_ai_ci;
/*!40101 SET character_set_client = @saved_cs_client */;

--
-- Dumping data for table `tuyenbay`
--

LOCK TABLES `tuyenbay` WRITE;
/*!40000 ALTER TABLE `tuyenbay` DISABLE KEYS */;
INSERT INTO `tuyenbay` VALUES ('TB3047','BMV','HAN'),('TB4059','SGN','HAN'),('TB5940','HAN','SGN'),('TB5947','BMV','SGN'),('TB5977','UIH','SGN');
/*!40000 ALTER TABLE `tuyenbay` ENABLE KEYS */;
UNLOCK TABLES;

--
-- Table structure for table `ve`
--

DROP TABLE IF EXISTS `ve`;
/*!40101 SET @saved_cs_client     = @@character_set_client */;
/*!50503 SET character_set_client = utf8mb4 */;
CREATE TABLE `ve` (
  `ma_ve` varchar(10) NOT NULL,
  `nguoi_so_huu` int DEFAULT NULL,
  `ma_don_hang` varchar(10) NOT NULL,
  `ngay_xuat_ve` datetime DEFAULT NULL,
  `loai_ve` enum('MOTCHIEU','KHUHOI') NOT NULL,
  `gia_ves` float NOT NULL,
  PRIMARY KEY (`ma_ve`),
  KEY `ma_don_hang` (`ma_don_hang`),
  KEY `fk_nguoi_so_huu` (`nguoi_so_huu`),
  CONSTRAINT `fk_nguoi_so_huu` FOREIGN KEY (`nguoi_so_huu`) REFERENCES `nguoidung` (`id`) ON DELETE CASCADE,
  CONSTRAINT `ve_ibfk_1` FOREIGN KEY (`ma_don_hang`) REFERENCES `donhang` (`ma_DH`)
) ENGINE=InnoDB DEFAULT CHARSET=utf8mb4 COLLATE=utf8mb4_0900_ai_ci;
/*!40101 SET character_set_client = @saved_cs_client */;

--
-- Dumping data for table `ve`
--

LOCK TABLES `ve` WRITE;
/*!40000 ALTER TABLE `ve` DISABLE KEYS */;
INSERT INTO `ve` VALUES ('VE4JQ6Z',82,'DH3ON8W',NULL,'MOTCHIEU',6340000),('VE8QI5D',59,'DHN3NA2',NULL,'MOTCHIEU',1750000),('VEAN967',85,'DHT82PG',NULL,'MOTCHIEU',3320000),('VEC3JCL',67,'DHXSWJQ',NULL,'MOTCHIEU',6340000),('VEDTML6',68,'DHXSWJQ',NULL,'MOTCHIEU',6340000),('VEDZOA9',76,'DHZ63LN',NULL,'MOTCHIEU',2010000),('VEE2VFD',77,'DH9ZNJX',NULL,'MOTCHIEU',5250000),('VEHAJXU',69,'DHWU552',NULL,'MOTCHIEU',5250000),('VEIQ94J',81,'DHMEV4V',NULL,'MOTCHIEU',5250000),('VEL3B19',65,'DH733RW',NULL,'KHUHOI',9660000),('VEME3I9',74,'DHZ63LN',NULL,'MOTCHIEU',2010000),('VEMP9MU',60,'DHN3NA2',NULL,'MOTCHIEU',1750000),('VEO5I78',66,'DH733RW',NULL,'KHUHOI',9660000),('VEU4E47',84,'DHT82PG',NULL,'MOTCHIEU',3320000),('VEUMQA9',79,'DH9ZNJX',NULL,'MOTCHIEU',5250000),('VEUXAEW',71,'DHWU552',NULL,'MOTCHIEU',5250000),('VEV4581',75,'DHZ63LN',NULL,'MOTCHIEU',2010000),('VEY4C2C',70,'DHWU552',NULL,'MOTCHIEU',5250000),('VEYMF8X',61,'DHGK5PA',NULL,'KHUHOI',3760000),('VEYTRPE',83,'DH3ON8W',NULL,'MOTCHIEU',6340000),('VEZNEB2',78,'DH9ZNJX',NULL,'MOTCHIEU',5250000);
/*!40000 ALTER TABLE `ve` ENABLE KEYS */;
UNLOCK TABLES;
/*!40103 SET TIME_ZONE=@OLD_TIME_ZONE */;

/*!40101 SET SQL_MODE=@OLD_SQL_MODE */;
/*!40014 SET FOREIGN_KEY_CHECKS=@OLD_FOREIGN_KEY_CHECKS */;
/*!40014 SET UNIQUE_CHECKS=@OLD_UNIQUE_CHECKS */;
/*!40101 SET CHARACTER_SET_CLIENT=@OLD_CHARACTER_SET_CLIENT */;
/*!40101 SET CHARACTER_SET_RESULTS=@OLD_CHARACTER_SET_RESULTS */;
/*!40101 SET COLLATION_CONNECTION=@OLD_COLLATION_CONNECTION */;
/*!40111 SET SQL_NOTES=@OLD_SQL_NOTES */;

-- Dump completed on 2024-12-23  1:41:26
